YEAR,MO,DY,HR,T2M,PRECTOTCORR,RH2M,WD50M,WS50M
2021,1,1,5,16.98,0.02,94.94,105.11,6.68
2021,1,1,6,16.95,0.02,96.5,105.04,6.68
2021,1,1,7,18.37,0.01,90.5,106.05,6.7
2021,1,1,8,20.83,0,78.75,106,6.97
2021,1,1,9,23.58,0,66.06,100.81,6.67
2021,1,1,10,25.96,0,56.81,95.2,6.21
2021,1,1,11,27.52,0,52.12,94.08,5.71
2021,1,1,12,28.49,0,49.62,95.48,5.16
2021,1,1,13,29.12,0,47.94,96.13,4.68
2021,1,1,14,29.23,0,47.38,94.41,4.27
2021,1,1,15,28.67,0,48.81,92.03,3.98
2021,1,1,16,27.29,0,57,88.97,3.93
2021,1,1,17,24.73,0,73.19,85.18,4.28
2021,1,1,18,23.69,0,74.38,85.11,5.13
2021,1,1,19,23.03,0,74.62,89.48,5.98
2021,1,1,20,22.26,0,75.69,97.31,6.57
2021,1,1,21,21.36,0,77.81,107.24,6.96
2021,1,1,22,20.56,0,79.5,117.33,7.28
2021,1,1,23,19.95,0,80.94,123.93,7.36
2021,1,2,0,19.37,0,82.81,128.74,7.24
2021,1,2,1,18.81,0,84.81,131.17,7.03
2021,1,2,2,18.23,0,87.25,127.45,6.48
2021,1,2,3,17.77,0,88.88,121.12,6.29
2021,1,2,4,17.51,0,89.75,117.57,6.38
2021,1,2,5,17.3,0,90.69,116.13,6.51
2021,1,2,6,17.18,0,91.31,114.98,6.57
2021,1,2,7,18.05,0,86.88,114.22,6.15
2021,1,2,8,19.74,0,78,114.65,6.37
2021,1,2,9,21.79,0,69,110.9,6.2
2021,1,2,10,23.57,0,62.81,103.25,5.69
2021,1,2,11,24.83,0,58.69,95.3,5.33
2021,1,2,12,25.66,0,56.06,89.2,5.06
2021,1,2,13,26.17,0,54.19,84.56,4.87
2021,1,2,14,26.4,0,52.88,81.71,4.77
2021,1,2,15,26.2,0,52.75,81.02,4.75
2021,1,2,16,25.19,0,58.19,81.56,4.74
2021,1,2,17,22.17,0,75.25,81.65,5.01
2021,1,2,18,20.9,0,78.06,81.79,5.64
2021,1,2,19,20.26,0,79,82.52,6.19
2021,1,2,20,19.53,0,80.69,82.96,6.5
2021,1,2,21,18.69,0,82.88,83.46,6.72
2021,1,2,22,18.03,0,84.38,84.47,6.89
2021,1,2,23,17.67,0,84.38,86.56,7.15
2021,1,3,0,17.39,0,83.31,90,7.38
2021,1,3,1,16.98,0,82.38,93.7,7.39
2021,1,3,2,16.48,0,81.88,97.45,7.41
2021,1,3,3,16.01,0,82.38,100.47,7.48
2021,1,3,4,15.65,0,84.25,102.74,7.55
2021,1,3,5,15.39,0,87.56,104.32,7.64
2021,1,3,6,15.38,0,90.31,105.65,7.68
2021,1,3,7,17.01,0,85.62,107.48,7.15
2021,1,3,8,20.25,0,73.69,113.35,7.53
2021,1,3,9,23.52,0,59.75,116.82,6.94
2021,1,3,10,26.37,0,49.62,125.36,5.44
2021,1,3,11,28.4,0,45.44,141.79,4.07
2021,1,3,12,29.47,0,44.5,159.18,3.32
2021,1,3,13,29.83,0,44.5,174.12,2.98
2021,1,3,14,29.54,0,45.88,186.34,2.76
2021,1,3,15,28.49,0,49.19,202.43,2.52
2021,1,3,16,26.82,0,57.94,222.42,2.46
2021,1,3,17,24.37,0,75,243.13,2.66
2021,1,3,18,23.3,0,77.75,255.96,2.54
2021,1,3,19,22.59,0,80.25,264.63,1.84
2021,1,3,20,21.83,0,83.5,263.71,1
2021,1,3,21,21.15,0,84.69,239.59,0.42
2021,1,3,22,20.62,0,84.12,151.7,0.35
2021,1,3,23,20.12,0,83.25,128.29,0.95
2021,1,4,0,19.43,0,83.75,120.43,1.45
2021,1,4,1,18.48,0,86.69,116.84,2.22
2021,1,4,2,17.5,0,89.56,115.38,3.39
2021,1,4,3,16.96,0,90,115.74,4.61
2021,1,4,4,16.71,0,88.81,117.81,5.63
2021,1,4,5,16.79,0,87.75,120.15,6.25
2021,1,4,6,17.04,0,88.38,122.06,6.46
2021,1,4,7,18.28,0,85.75,123.96,6.08
2021,1,4,8,20.36,0.05,79.25,129.27,7.02
2021,1,4,9,21.74,0.04,73.5,131.4,6.43
2021,1,4,10,22.57,0.06,69.12,128.96,5.31
2021,1,4,11,23.03,0.18,66.25,122.51,4.32
2021,1,4,12,23.12,0.42,65.69,112.8,3.67
2021,1,4,13,22.92,0.7,66.88,101.61,3.26
2021,1,4,14,22.52,0.86,69.19,89.1,2.97
2021,1,4,15,21.94,0.84,72.62,74.19,2.81
2021,1,4,16,20.96,0.7,79.38,54.65,2.77
2021,1,4,17,19.73,0.5,87.31,39.67,3.03
2021,1,4,18,19,0.32,90.44,35.58,3.41
2021,1,4,19,18.64,0.2,91.88,37.85,3.64
2021,1,4,20,18.5,0.14,92.5,40.58,3.87
2021,1,4,21,18.45,0.12,92.75,43.18,4.17
2021,1,4,22,18.44,0.11,92.75,45.71,4.48
2021,1,4,23,18.41,0.09,92.88,47.83,4.7
2021,1,5,0,18.3,0.08,93.25,49.25,4.78
2021,1,5,1,18.13,0.08,93.75,49.88,4.74
2021,1,5,2,17.91,0.06,94.44,54.53,4.67
2021,1,5,3,17.7,0.04,94.81,62.51,4.74
2021,1,5,4,17.49,0.02,95.12,72.57,4.93
2021,1,5,5,17.31,0.01,95.12,85.38,5.43
2021,1,5,6,17.24,0.02,94.69,95.08,5.91
2021,1,5,7,18.23,0.02,91.12,103.81,5.86
2021,1,5,8,20.37,0,84.06,111.88,6.2
2021,1,5,9,23.24,0,70.81,117.36,6.02
2021,1,5,10,25.61,0,60.75,119.84,5.13
2021,1,5,11,26.9,0,56.75,121.98,4.14
2021,1,5,12,27.53,0,55.25,126.02,3.26
2021,1,5,13,27.79,0,54.81,132.05,2.47
2021,1,5,14,27.78,0,55.12,135.57,1.65
2021,1,5,15,27.38,0,57,126.87,1.02
2021,1,5,16,26.33,0,63.88,105.21,0.92
2021,1,5,17,24.54,0,76.62,98.08,1.22
2021,1,5,18,23.48,0,80.5,107.96,1.77
2021,1,5,19,22.62,0,85.62,120.38,2.52
2021,1,5,20,21.98,0,88.81,133.97,3.06
2021,1,5,21,21.52,0,91,148.16,3.15
2021,1,5,22,21.1,0,93.19,164.19,2.75
2021,1,5,23,20.69,0,95.12,182.22,2.22
2021,1,6,0,20.44,0,96,193.79,1.74
2021,1,6,1,20.41,0,95.88,188.75,1.23
2021,1,6,2,20.33,0,96,150.46,1.08
2021,1,6,3,19.99,0,97.25,120.39,1.73
2021,1,6,4,19.55,0,99.06,110.17,2.61
2021,1,6,5,19.23,0,99.88,104,3.39
2021,1,6,6,19.29,0,98.44,98.81,4.03
2021,1,6,7,20.69,0,90.38,100,4.28
2021,1,6,8,22.55,0.04,81.81,110.17,5.21
2021,1,6,9,24.51,0.07,73.06,116.35,5.61
2021,1,6,10,26.11,0.07,65.75,120,5.42
2021,1,6,11,27.2,0.07,61.06,121.89,4.9
2021,1,6,12,27.97,0.08,58.06,123.33,4.18
2021,1,6,13,28.17,0.08,57.12,126.59,3.51
2021,1,6,14,27.71,0.07,58.94,132.17,3.03
2021,1,6,15,26.95,0.05,62.44,138.26,2.72
2021,1,6,16,25.9,0.04,68.56,143.95,2.52
2021,1,6,17,24.06,0.05,82.94,150.6,2.4
2021,1,6,18,23.08,0.05,87.69,157.05,2.32
2021,1,6,19,22.57,0.06,89.69,162.15,2.17
2021,1,6,20,22.15,0.07,91.06,166.39,2.03
2021,1,6,21,21.77,0.06,92.25,166.5,2.01
2021,1,6,22,21.34,0.07,93.62,167.21,2.26
2021,1,6,23,20.93,0.07,95.06,170.15,2.65
2021,1,7,0,20.57,0.08,96.38,174.5,2.94
2021,1,7,1,20.33,0.07,97.31,180,2.89
2021,1,7,2,20.14,0.08,97.81,183.15,2.42
2021,1,7,3,20.08,0.08,97.94,180.74,1.8
2021,1,7,4,20.14,0.08,97.44,164.51,1.35
2021,1,7,5,20.12,0.08,97.19,136.52,1.45
2021,1,7,6,19.97,0.08,97.56,118.56,2.21
2021,1,7,7,20.92,0.08,94.69,111.46,2.9
2021,1,7,8,21.99,0.02,90.75,110.75,3.55
2021,1,7,9,23.44,0.03,83.44,114.14,4.45
2021,1,7,10,24.93,0.03,74.12,115.68,4.78
2021,1,7,11,25.98,0.02,67.62,119.11,4.56
2021,1,7,12,26.51,0.01,64.31,124.38,3.96
2021,1,7,13,26.75,0.01,62.75,129.36,3.31
2021,1,7,14,26.68,0.01,62.5,131.58,2.59
2021,1,7,15,26.37,0.01,63.5,123.56,1.89
2021,1,7,16,25.69,0,68.25,103.22,1.61
2021,1,7,17,24.16,0,79.44,79.92,1.92
2021,1,7,18,23.03,0,84.62,73.13,2.72
2021,1,7,19,22.36,0,87.31,76.81,3.73
2021,1,7,20,21.9,0.01,88.56,83.01,4.56
2021,1,7,21,21.54,0.01,89.62,89.55,5.02
2021,1,7,22,21.19,0.02,91,94.76,5.17
2021,1,7,23,20.87,0.03,92.38,99.43,5.24
2021,1,8,0,20.61,0.04,93.62,103.3,5.16
2021,1,8,1,20.37,0.06,94.81,103.33,4.78
2021,1,8,2,20.16,0.08,95.69,101.21,4.58
2021,1,8,3,20.06,0.09,96,98.86,4.51
2021,1,8,4,19.97,0.1,96.25,95.97,4.43
2021,1,8,5,19.87,0.08,96.5,95.45,4.53
2021,1,8,6,19.87,0.05,96.31,100.75,4.99
2021,1,8,7,20.49,0.03,94.06,111.01,5.34
2021,1,8,8,21.4,0.04,90.38,120.14,6.22
2021,1,8,9,22.64,0.02,83.25,128.07,6.96
2021,1,8,10,23.99,0.03,75.38,136.86,6.82
2021,1,8,11,24.87,0.05,70.81,146.97,6.42
2021,1,8,12,25.23,0.07,68.88,157.27,5.9
2021,1,8,13,25.44,0.07,67.62,166.21,5.34
2021,1,8,14,25.68,0.06,66.31,172.99,4.54
2021,1,8,15,25.77,0.05,66.38,177.89,3.61
2021,1,8,16,25.3,0.05,71.25,179.02,2.73
2021,1,8,17,23.95,0.06,79.69,175.22,1.97
2021,1,8,18,23.5,0.05,78.69,160.5,1.73
2021,1,8,19,23.07,0.05,79.81,140.98,1.96
2021,1,8,20,22.27,0.04,84.12,128.6,2.23
2021,1,8,21,21.65,0.03,87.38,121.16,2.4
2021,1,8,22,21.02,0.02,90.62,114.38,2.48
2021,1,8,23,20.54,0.01,93.06,108.82,2.57
2021,1,9,0,20.19,0.01,94.44,102.34,2.63
2021,1,9,1,19.88,0,95.62,93.05,2.79
2021,1,9,2,19.56,0,97.06,88.26,3.35
2021,1,9,3,19.4,0,97.75,90.88,4.05
2021,1,9,4,19.34,0,97.69,96.2,4.56
2021,1,9,5,19.21,0.01,97.88,101.13,4.9
2021,1,9,6,19.15,0.01,97.81,103.76,5.16
2021,1,9,7,20.44,0.01,92.44,106.29,4.82
2021,1,9,8,22.7,0,81.75,115.45,5.38
2021,1,9,9,25.55,0,67.31,119.38,5.62
2021,1,9,10,27.66,0,58.5,118.47,5.16
2021,1,9,11,29,0,53.81,118.98,4.56
2021,1,9,12,29.67,0.01,51.38,121.46,3.89
2021,1,9,13,29.59,0.01,51.06,126.56,3.2
2021,1,9,14,29.02,0.01,52.75,130.45,2.58
2021,1,9,15,28.3,0,55.12,131.78,2.06
2021,1,9,16,27.34,0,60.69,129.39,1.64
2021,1,9,17,25.77,0,73.5,124.51,1.21
2021,1,9,18,25.1,0,75.62,107.02,0.8
2021,1,9,19,24.54,0,77.88,76.32,0.92
2021,1,9,20,23.87,0.01,80.25,68.33,1.27
2021,1,9,21,23.27,0.01,82.06,73.95,1.72
2021,1,9,22,22.61,0.01,85.12,85.54,2.41
2021,1,9,23,22.01,0.01,87,97.61,3.42
2021,1,10,0,21.57,0,87.38,104.96,4.48
2021,1,10,1,21.12,0,88.25,107.84,5.2
2021,1,10,2,20.68,0,89.75,110.1,5.77
2021,1,10,3,20.18,0,92.06,111.01,5.99
2021,1,10,4,19.79,0,94.12,111.47,5.83
2021,1,10,5,19.48,0,95.62,111.22,5.55
2021,1,10,6,19.44,0,95.69,108.7,5.34
2021,1,10,7,20.64,0,88.56,109.11,5.27
2021,1,10,8,22.27,0,76.88,111.01,5.88
2021,1,10,9,24.26,0,64.75,105.22,6.07
2021,1,10,10,26.1,0,56,95.66,6.02
2021,1,10,11,27.69,0,49.56,86.76,5.81
2021,1,10,12,29.08,0,44.75,80.8,5.52
2021,1,10,13,30,0,41.75,77.97,5.21
2021,1,10,14,30.4,0,40.19,75.62,4.78
2021,1,10,15,30.11,0,40.56,72.28,4.34
2021,1,10,16,28.9,0,46.19,68.2,3.95
2021,1,10,17,25.55,0,67.06,59.04,3.69
2021,1,10,18,24.08,0,70.06,55.07,3.7
2021,1,10,19,23.28,0,72.75,59.18,3.68
2021,1,10,20,22.44,0,75.56,69.66,3.71
2021,1,10,21,21.46,0,78.25,80.09,3.81
2021,1,10,22,20.66,0,80.5,90.66,4.05
2021,1,10,23,20.09,0,82.31,101.79,4.59
2021,1,11,0,19.53,0,84.44,108.54,5.18
2021,1,11,1,18.99,0,87.06,111.41,5.48
2021,1,11,2,18.54,0,89.56,109.56,5.41
2021,1,11,3,18.16,0,91.56,105.17,5.55
2021,1,11,4,17.9,0,93.06,104.3,6.2
2021,1,11,5,17.82,0,94,107.01,6.86
2021,1,11,6,17.92,0.01,94.31,109.49,6.98
2021,1,11,7,19.69,0,86.81,111.04,5.98
2021,1,11,8,23.09,0,71.69,114.69,6.4
2021,1,11,9,26.5,0,56.56,108.74,6.13
2021,1,11,10,28.99,0,46.88,98.16,5.89
2021,1,11,11,30.62,0,41.62,92.98,5.55
2021,1,11,12,31.62,0,38.81,89.28,5.01
2021,1,11,13,32.15,0,37.19,84.69,4.47
2021,1,11,14,32.12,0,36.94,80.45,4.14
2021,1,11,15,31.41,0,38.12,78.75,4.09
2021,1,11,16,29.66,0,45.5,80.08,4.17
2021,1,11,17,26.67,0,64.25,85.13,4.23
2021,1,11,18,25.44,0,67.06,93.23,4.3
2021,1,11,19,24.62,0,70.31,101.88,4.29
2021,1,11,20,23.75,0,73.31,110.63,4.32
2021,1,11,21,22.87,0,75.75,117.07,4.38
2021,1,11,22,21.95,0,78.06,119.68,4.43
2021,1,11,23,21.04,0,80.19,121.11,4.58
2021,1,12,0,20.03,0,82.25,120.45,5.06
2021,1,12,1,19.16,0,83.69,117.32,5.55
2021,1,12,2,18.48,0,85,112.36,5.77
2021,1,12,3,17.96,0,86.25,108.85,6.12
2021,1,12,4,17.61,0,87.5,107.42,6.39
2021,1,12,5,17.33,0,88.69,105.33,6.47
2021,1,12,6,17.33,0,88.88,101.19,6.48
2021,1,12,7,19.76,0,77.56,94.72,5.5
2021,1,12,8,23.06,0,64.38,87.85,5.63
2021,1,12,9,26.39,0,50.88,81.02,6.96
2021,1,12,10,27.33,0,47.12,76.49,7.19
2021,1,12,11,27.39,0,46.56,77.76,7.11
2021,1,12,12,27.69,0,45.69,79.09,6.85
2021,1,12,13,28.22,0,44.31,76.9,6.38
2021,1,12,14,28.76,0,43.06,71.44,5.87
2021,1,12,15,29.02,0,43.19,64.36,5.43
2021,1,12,16,28.21,0,48.31,55.26,4.84
2021,1,12,17,24.55,0,67.19,44.36,4.43
2021,1,12,18,23.22,0,69.31,39.55,4.65
2021,1,12,19,22.59,0,71.38,40.61,5.05
2021,1,12,20,22.08,0,72.81,46.1,5.49
2021,1,12,21,21.52,0,74.44,55.05,5.89
2021,1,12,22,20.71,0,76.88,65.3,6.23
2021,1,12,23,20.01,0,79.19,74.92,6.58
2021,1,13,0,19.41,0,81.56,82.57,6.95
2021,1,13,1,18.94,0,83.56,88.33,7.22
2021,1,13,2,18.51,0,85.88,93.48,7.22
2021,1,13,3,18.12,0,88.5,97.58,7.05
2021,1,13,4,17.79,0,90.75,98.33,6.9
2021,1,13,5,17.72,0,91.75,93.9,6.89
2021,1,13,6,18.03,0,90.88,88.84,6.94
2021,1,13,7,19.73,0,83.12,87.01,6.13
2021,1,13,8,22.6,0,70.06,86.83,6.5
2021,1,13,9,25.76,0,56.31,83.64,7.76
2021,1,13,10,27.81,0,47.44,80.35,8.25
2021,1,13,11,29.39,0,41.81,78.49,7.99
2021,1,13,12,30.43,0,38.31,77.16,7.45
2021,1,13,13,30.9,0,36.12,76.09,6.92
2021,1,13,14,30.8,0,35.44,73.77,6.35
2021,1,13,15,30.04,0,36.75,70.91,5.8
2021,1,13,16,28.17,0,45.69,68.09,5.21
2021,1,13,17,24.63,0,64.69,67.48,5.1
2021,1,13,18,23.48,0,68,70.79,5.27
2021,1,13,19,22.73,0,69.94,76.3,5.44
2021,1,13,20,21.9,0,71.94,82.51,5.75
2021,1,13,21,21.04,0,74,87.64,6.07
2021,1,13,22,20.01,0,77.06,90.36,6.18
2021,1,13,23,19.19,0,79.5,90.36,6.24
2021,1,14,0,18.58,0,81.25,89.72,6.38
2021,1,14,1,18.06,0,82.69,88.98,6.6
2021,1,14,2,17.61,0,84.06,89.54,6.77
2021,1,14,3,17.21,0,85.56,90.92,6.79
2021,1,14,4,16.87,0,87.25,92.74,6.71
2021,1,14,5,16.58,0,89,95.27,6.64
2021,1,14,6,16.64,0,89.81,98.5,6.6
2021,1,14,7,19.34,0,78.62,101.07,5.49
2021,1,14,8,22.94,0,64.31,100.33,4.66
2021,1,14,9,26.73,0,48.88,91.88,4.53
2021,1,14,10,28.63,0,41.75,79.11,4.14
2021,1,14,11,29.76,0,38.19,73.33,4
2021,1,14,12,30.59,0,35.56,74.66,3.84
2021,1,14,13,31.03,0,34.06,78.81,3.7
2021,1,14,14,31.14,0,33.12,81.39,3.55
2021,1,14,15,30.69,0,33.56,83.44,3.35
2021,1,14,16,29.4,0,39,85.96,3.1
2021,1,14,17,26.27,0,56.94,86.46,2.65
2021,1,14,18,25.14,0,55.56,86.51,2.18
2021,1,14,19,24.26,0,57.81,92.74,1.8
2021,1,14,20,23.22,0,61.25,115.03,1.96
2021,1,14,21,22,0,66.06,135,2.72
2021,1,14,22,20.66,0,73.31,145.74,3.47
2021,1,14,23,19.63,0,78.44,151.83,3.99
2021,1,15,0,18.91,0,81.38,154.19,4.27
2021,1,15,1,18.34,0,83.62,153.25,4.34
2021,1,15,2,17.76,0,85.69,150.89,4.4
2021,1,15,3,17.2,0,87.19,147.58,4.79
2021,1,15,4,16.81,0,87.56,144.77,5.47
2021,1,15,5,16.51,0,87.44,142.6,6.14
2021,1,15,6,16.54,0,86.62,140.91,6.65
2021,1,15,7,19.13,0,75.06,139.75,5.94
2021,1,15,8,22.65,0,63.06,140.44,5.53
2021,1,15,9,26.77,0,46.75,144.43,5.29
2021,1,15,10,29.03,0,40.25,141.24,4.27
2021,1,15,11,30.34,0,37.69,137.66,3.46
2021,1,15,12,31.23,0,35.62,138.38,2.53
2021,1,15,13,31.7,0,34.25,144.86,1.45
2021,1,15,14,31.67,0,34.06,171.06,0.7
2021,1,15,15,31.15,0,35.06,230.37,0.65
2021,1,15,16,29.87,0,40.06,258.69,1.27
2021,1,15,17,26.73,0,58.94,269.67,2.73
2021,1,15,18,25.36,0,61.06,274.75,3.96
2021,1,15,19,24.36,0,64.81,278,4.27
2021,1,15,20,23.05,0,74.81,280.34,3.88
2021,1,15,21,21.79,0,82.38,284.3,3.32
2021,1,15,22,20.8,0,86.56,292.3,2.86
2021,1,15,23,20.09,0,88.25,305.29,2.49
2021,1,16,0,19.53,0,88.88,322.07,2.29
2021,1,16,1,19.12,0,88.75,340.82,2.28
2021,1,16,2,18.83,0,88,355.94,2.32
2021,1,16,3,18.66,0,86.75,11.7,2.27
2021,1,16,4,18.61,0,85,35.56,2.26
2021,1,16,5,18.17,0,86.75,65.97,2.53
2021,1,16,6,17.87,0,89.31,92.3,3.31
2021,1,16,7,20.74,0,75.94,111.27,3.79
2021,1,16,8,24.27,0,59,128.27,3.44
2021,1,16,9,27.4,0,47,140.09,2.86
2021,1,16,10,29.44,0,41.38,151.88,2.45
2021,1,16,11,30.86,0,38.44,165.53,2.25
2021,1,16,12,31.72,0,36.88,181.65,2.17
2021,1,16,13,31.83,0,36.75,201.11,2.17
2021,1,16,14,31.58,0,37.31,218.18,2.19
2021,1,16,15,30.8,0,39.06,227.37,2.13
2021,1,16,16,29.57,0,44.62,233.38,2.16
2021,1,16,17,26.87,0,63.94,244.23,2.52
2021,1,16,18,25.29,0,68.94,252.98,2.7
2021,1,16,19,24.23,0,72.56,252.65,2.36
2021,1,16,20,23.33,0,76.31,241.79,1.95
2021,1,16,21,22.65,0,78.62,226.68,1.88
2021,1,16,22,22.12,0,79.94,219.27,2.05
2021,1,16,23,21.62,0,81.19,220.6,2.16
2021,1,17,0,21.17,0,82.5,226.81,2.1
2021,1,17,1,20.78,0,83.5,235.63,1.83
2021,1,17,2,20.44,0,84.12,243.72,1.39
2021,1,17,3,20.17,0,84.19,242.89,0.74
2021,1,17,4,19.89,0,84.19,138.09,0.41
2021,1,17,5,19.3,0,86.5,109.86,1.59
2021,1,17,6,18.93,0,89.56,110.71,2.98
2021,1,17,7,21.58,0,76.94,117.16,3.7
2021,1,17,8,25.1,0,61.12,127.26,3.9
2021,1,17,9,27.9,0,51.88,132.16,3.56
2021,1,17,10,29.76,0,46.62,131.4,3.08
2021,1,17,11,31.08,0,43.06,129.25,2.59
2021,1,17,12,31.94,0,40.62,128.19,2.1
2021,1,17,13,32.3,0,39.25,128.29,1.7
2021,1,17,14,32.18,0,39.19,126.25,1.45
2021,1,17,15,31.54,0,40.62,120.79,1.33
2021,1,17,16,30.43,0,45.06,117.96,1.43
2021,1,17,17,28.23,0,58.88,124.49,1.39
2021,1,17,18,26.67,0,65.94,145.47,1.03
2021,1,17,19,25.42,0,72.06,181.12,0.8
2021,1,17,20,24.44,0,75.75,220.5,0.99
2021,1,17,21,23.58,0,78.69,242.68,1.33
2021,1,17,22,22.9,0,82.06,256.62,1.49
2021,1,17,23,22.3,0,85.38,257.72,1.18
2021,1,18,0,21.87,0,86.69,190.91,0.66
2021,1,18,1,21.48,0,86.81,142.09,2.15
2021,1,18,2,20.69,0,88,138.93,3.71
2021,1,18,3,19.98,0,89.62,138.13,4.65
2021,1,18,4,19.5,0,90.5,135.81,5.1
2021,1,18,5,19.05,0,90.88,132.32,5.33
2021,1,18,6,18.91,0,89.56,128.98,5.48
2021,1,18,7,20.83,0,77.62,126.44,5.05
2021,1,18,8,23.93,0,61.62,126.58,5.02
2021,1,18,9,26.98,0,50.31,123.22,4.25
2021,1,18,10,29.23,0,44,117.45,3.41
2021,1,18,11,30.74,0,40.44,110.29,2.75
2021,1,18,12,31.8,0,38.19,100.4,2.21
2021,1,18,13,32.3,0,36.94,84.74,1.88
2021,1,18,14,32.25,0,36.75,69.56,1.83
2021,1,18,15,31.76,0,37.56,62.82,1.95
2021,1,18,16,30.59,0,41.5,64.64,2.15
2021,1,18,17,28.51,0,51.88,69.42,2.31
2021,1,18,18,27.35,0,54.31,71.5,2.27
2021,1,18,19,26.3,0,59.06,76.67,2.47
2021,1,18,20,25.13,0,63.88,93,2.84
2021,1,18,21,23.75,0,69.81,111.92,3.45
2021,1,18,22,22.4,0,75.5,125.37,4.13
2021,1,18,23,21.44,0,78.25,135.79,4.81
2021,1,19,0,20.71,0,80.19,143.75,5.38
2021,1,19,1,20.05,0,82.44,149.04,5.74
2021,1,19,2,19.38,0,85.5,150.3,5.76
2021,1,19,3,18.82,0,88.19,148.78,5.73
2021,1,19,4,18.37,0,89.88,146.8,5.86
2021,1,19,5,17.98,0,90.88,144.94,6.05
2021,1,19,6,17.84,0,90.88,143.01,6.1
2021,1,19,7,19.72,0,81.5,141.96,5.15
2021,1,19,8,23.37,0,64,147.86,5.14
2021,1,19,9,26.91,0,49.5,153.01,3.77
2021,1,19,10,29.26,0,42.06,151.24,2.09
2021,1,19,11,30.73,0,38.12,141.89,1.01
2021,1,19,12,31.72,0,35.38,112.38,0.43
2021,1,19,13,32.23,0,33.75,45,0.32
2021,1,19,14,32.16,0,33.31,10.15,0.53
2021,1,19,15,31.62,0,34.06,0,0.72
2021,1,19,16,30.42,0,37.88,351.72,0.87
2021,1,19,17,27.12,0,57.94,321.24,1.37
2021,1,19,18,24.84,0,65.06,309.99,2.15
2021,1,19,19,23.63,0,69.56,310.69,2.28
2021,1,19,20,22.68,0,74.5,314.67,1.9
2021,1,19,21,21.66,0,79,322.99,1.31
2021,1,19,22,21.08,0,80.81,339.09,0.74
2021,1,19,23,20.77,0,80.69,37.15,0.32
2021,1,20,0,20.57,0,79.94,103.55,0.67
2021,1,20,1,20.02,0,81.06,114.19,1.18
2021,1,20,2,19.26,0,83.25,121.1,1.63
2021,1,20,3,18.59,0,84.81,127.43,2.1
2021,1,20,4,18,0,85.94,131.75,2.53
2021,1,20,5,17.52,0,86.5,133.68,2.87
2021,1,20,6,17.36,0,86.12,132.58,3.14
2021,1,20,7,20.3,0,72.69,128.9,2.91
2021,1,20,8,23.87,0,56.44,126.53,2.4
2021,1,20,9,27.98,0,40.81,117.34,2.31
2021,1,20,10,29.86,0,35.75,105.68,2.05
2021,1,20,11,31.12,0,32.31,102.61,1.75
2021,1,20,12,32.05,0,29.88,105.99,1.39
2021,1,20,13,32.56,0,28.19,116.77,0.99
2021,1,20,14,32.51,0,27.62,144.46,0.6
2021,1,20,15,31.98,0,28.06,207.61,0.57
2021,1,20,16,30.6,0,32.75,246.85,1.23
2021,1,20,17,26.89,0,50.69,263.55,2.78
2021,1,20,18,24.83,0,55.38,271.47,4.25
2021,1,20,19,23.36,0,63.88,275.59,4.97
2021,1,20,20,21.9,0,73.69,280.93,5.07
2021,1,20,21,20.69,0,81.69,287.24,4.74
2021,1,20,22,19.88,0,86.62,294.14,4.13
2021,1,20,23,19.24,0,89.75,303.4,3.41
2021,1,21,0,18.8,0,91.12,318.22,2.76
2021,1,21,1,18.42,0,91.75,340.53,2.46
2021,1,21,2,17.83,0,93.25,1.97,2.73
2021,1,21,3,17.26,0,94.44,15.85,3.29
2021,1,21,4,16.83,0,94.62,25.15,3.82
2021,1,21,5,16.44,0,94.31,33.34,4.26
2021,1,21,6,16.38,0,91.88,40.89,4.63
2021,1,21,7,19.01,0,76.56,49.48,4.03
2021,1,21,8,22.42,0,60.75,58.8,3.2
2021,1,21,9,26.96,0,43.19,69.5,2.81
2021,1,21,10,29.34,0,36.06,78.96,2.24
2021,1,21,11,30.87,0,32.06,79.52,1.59
2021,1,21,12,31.9,0,29.56,67.52,0.98
2021,1,21,13,32.44,0,28.12,27.73,0.69
2021,1,21,14,32.51,0,27.5,341.72,0.9
2021,1,21,15,31.99,0,28.06,320.88,1.51
2021,1,21,16,30.48,0,32.62,311.27,2.46
2021,1,21,17,26.02,0,53.19,304.23,4.14
2021,1,21,18,23.7,0,58.5,302.52,5.32
2021,1,21,19,22.35,0,64,303.98,5.49
2021,1,21,20,21.08,0,70,307.52,5.22
2021,1,21,21,19.95,0,75.19,312.47,4.76
2021,1,21,22,19.02,0,78.94,316.72,4.23
2021,1,21,23,18.29,0,81.31,319.45,3.63
2021,1,22,0,17.73,0,82.44,322.67,3.1
2021,1,22,1,17.34,0,82.38,334.64,2.83
2021,1,22,2,16.82,0,83,352.79,3.11
2021,1,22,3,16.29,0,83.56,8.42,3.74
2021,1,22,4,15.88,0,83.19,20.58,4.36
2021,1,22,5,15.55,0,82.12,30.26,4.88
2021,1,22,6,15.51,0,79.88,37.76,5.31
2021,1,22,7,18.56,0,63.31,44.8,4.65
2021,1,22,8,21.83,0,51.19,51.98,3.59
2021,1,22,9,27.08,0,35.38,67.81,3.85
2021,1,22,10,29.96,0,29.81,88.12,3.57
2021,1,22,11,31.48,0,27,99.39,3.25
2021,1,22,12,32.53,0,24.75,105.88,2.83
2021,1,22,13,33.06,0,23.69,108.68,2.29
2021,1,22,14,33.05,0,23.19,109.51,1.71
2021,1,22,15,32.45,0,23.94,109.98,1.1
2021,1,22,16,30.86,0,29.31,120.58,0.2
2021,1,22,17,26.13,0,51.19,288.93,1.42
2021,1,22,18,23.48,0,56.69,290.38,2.4
2021,1,22,19,22.06,0,63.19,289.07,2.46
2021,1,22,20,20.95,0,70.06,287.78,2.15
2021,1,22,21,20.23,0,74.31,287.96,1.8
2021,1,22,22,19.73,0,76.5,293.56,1.47
2021,1,22,23,19.38,0,77.25,310.12,1.1
2021,1,23,0,19.1,0,77.12,345.1,0.88
2021,1,23,1,18.77,0,76.81,23.78,1.01
2021,1,23,2,18.37,0,76.56,42.63,1.34
2021,1,23,3,17.98,0,76.19,50.96,1.65
2021,1,23,4,17.64,0,75.56,59.57,1.87
2021,1,23,5,17.38,0,74.88,68.32,2.01
2021,1,23,6,17.32,0,74.5,76.54,2.08
2021,1,23,7,19.89,0,66.81,83.71,1.93
2021,1,23,8,23.29,0,51.88,93.2,1.4
2021,1,23,9,27.96,0,36.81,112.15,1.18
2021,1,23,10,30.21,0,31.44,125.77,1.14
2021,1,23,11,31.55,0,28.62,133.6,0.91
2021,1,23,12,32.51,0,26.5,138.48,0.64
2021,1,23,13,33.07,0,25.06,141.91,0.37
2021,1,23,14,33.15,0,24.62,190.3,0.09
2021,1,23,15,32.7,0,24.94,299.74,0.25
2021,1,23,16,31.25,0,29.81,290.96,0.79
2021,1,23,17,26.77,0,51.06,287.97,2.15
2021,1,23,18,24.4,0,55.38,290.92,3.02
2021,1,23,19,23.19,0,60.56,294.4,3.05
2021,1,23,20,22.13,0,65.88,296.35,2.82
2021,1,23,21,21.33,0,69.69,297.41,2.61
2021,1,23,22,20.52,0,73.5,297.57,2.38
2021,1,23,23,19.85,0,75.44,297.16,2.02
2021,1,24,0,19.37,0,76.25,296.31,1.57
2021,1,24,1,19.08,0,76,298.12,1.16
2021,1,24,2,18.75,0,75.94,298.84,0.79
2021,1,24,3,18.67,0,74.75,290.35,0.52
2021,1,24,4,18.46,0,74.44,274.24,0.42
2021,1,24,5,18.26,0,74.62,275.91,0.46
2021,1,24,6,18.2,0,74.56,288.74,0.46
2021,1,24,7,19.93,0,69.69,312.27,0.35
2021,1,24,8,23.54,0,53.69,293.63,0.14
2021,1,24,9,28.57,0,35.12,176.63,0.13
2021,1,24,10,30.62,0,29.38,168.69,0.24
2021,1,24,11,31.98,0,25.81,216.03,0.32
2021,1,24,12,32.9,0,23.31,246.47,0.53
2021,1,24,13,33.37,0,21.75,267.95,0.88
2021,1,24,14,33.33,0,21.31,280.25,1.41
2021,1,24,15,32.64,0,22.19,285.73,2.05
2021,1,24,16,30.91,0,27.25,288.75,3.14
2021,1,24,17,26.48,0,45.31,290.61,5.02
2021,1,24,18,24.01,0,53.06,295.73,5.99
2021,1,24,19,22.46,0,60.88,304.65,5.72
2021,1,24,20,21.22,0,67.38,317.22,4.99
2021,1,24,21,20.33,0,70.62,333.06,4.31
2021,1,24,22,19.65,0,71.81,350.73,3.83
2021,1,24,23,19.08,0,71.88,9.67,3.53
2021,1,25,0,18.55,0,71.44,28.85,3.42
2021,1,25,1,17.96,0,71.25,45.09,3.57
2021,1,25,2,17.37,0,71.38,53.83,3.85
2021,1,25,3,16.76,0,71.88,55.46,4.26
2021,1,25,4,16.12,0,72.94,53.83,4.86
2021,1,25,5,15.56,0,74.19,53.1,5.61
2021,1,25,6,15.48,0,74.06,54.41,6.35
2021,1,25,7,18.52,0,60.88,59.04,5.79
2021,1,25,8,22.15,0,48.75,68.77,4.92
2021,1,25,9,26.86,0,33.75,81.74,5.27
2021,1,25,10,29.93,0,26.56,92.44,4.58
2021,1,25,11,31.69,0,22.88,99.87,3.47
2021,1,25,12,32.75,0,20.12,108.07,2.32
2021,1,25,13,33.23,0,18.75,121.48,1.35
2021,1,25,14,33.2,0,18.31,154.8,0.59
2021,1,25,15,32.59,0,18.69,238.08,0.56
2021,1,25,16,30.96,0,23.25,274.09,1.43
2021,1,25,17,26.11,0,43.19,288.78,3.28
2021,1,25,18,23.58,0,47.12,294.41,4.65
2021,1,25,19,22.12,0,53.81,299.82,4.85
2021,1,25,20,20.9,0,60.94,305.2,4.35
2021,1,25,21,20.01,0,66.06,310.55,3.49
2021,1,25,22,19.44,0,68.38,319.09,2.55
2021,1,25,23,19.01,0,69.12,332.76,1.78
2021,1,26,0,18.63,0,68.81,350.98,1.34
2021,1,26,1,18.26,0,68.25,7.08,1.27
2021,1,26,2,17.9,0,67.62,13.82,1.5
2021,1,26,3,17.26,0,68.19,17.5,1.97
2021,1,26,4,16.4,0,69.38,23.7,2.59
2021,1,26,5,15.57,0,71.12,32.23,3.22
2021,1,26,6,15.18,0,72.19,41.22,3.77
2021,1,26,7,18.49,0,57.94,48.17,3.7
2021,1,26,8,21.84,0,45.56,53.95,2.84
2021,1,26,9,27.07,0,30.38,74.73,2.37
2021,1,26,10,29.81,0,25.31,90,2.17
2021,1,26,11,31.33,0,22.88,93.81,1.76
2021,1,26,12,32.31,0,21.31,90,1.28
2021,1,26,13,32.78,0,20.38,74.05,0.8
2021,1,26,14,32.81,0,20.06,24.72,0.54
2021,1,26,15,32.28,0,20.25,336.92,0.98
2021,1,26,16,30.72,0,24.75,320.22,2
2021,1,26,17,25.76,0,44,313.26,4.01
2021,1,26,18,23.14,0,48.12,316.28,5.43
2021,1,26,19,21.65,0,53.69,325.14,5.62
2021,1,26,20,20.37,0,59.25,337.51,5.21
2021,1,26,21,19.37,0,63.31,351.51,4.61
2021,1,26,22,18.64,0,65.5,6.25,4.02
2021,1,26,23,18.23,0,65.38,21.83,3.47
2021,1,27,0,17.95,0,64.25,39.71,3.12
2021,1,27,1,17.44,0,64.25,57.2,3.09
2021,1,27,2,16.8,0,65.31,67.6,3.22
2021,1,27,3,16.09,0,67,73,3.37
2021,1,27,4,15.43,0,69,77.53,3.54
2021,1,27,5,14.83,0,71.19,80.15,3.79
2021,1,27,6,14.62,0,72.81,80.59,4.06
2021,1,27,7,17.94,0,59.38,80.63,3.79
2021,1,27,8,21.77,0,45.31,85.8,2.98
2021,1,27,9,26.44,0,31.75,96.9,2.73
2021,1,27,10,29.14,0,26.62,108.21,2.48
2021,1,27,11,30.83,0,23.69,117.9,1.95
2021,1,27,12,31.88,0,21.69,121.68,1.18
2021,1,27,13,32.4,0,20.38,108.89,0.31
2021,1,27,14,32.4,0,19.75,304.7,0.37
2021,1,27,15,31.84,0,19.94,290.29,0.99
2021,1,27,16,30.29,0,23.88,287.07,1.86
2021,1,27,17,25.71,0,42.69,288.09,3.65
2021,1,27,18,23.17,0,46.69,290.56,4.94
2021,1,27,19,21.76,0,52.56,292.65,5.07
2021,1,27,20,20.44,0,59.75,293.13,4.55
2021,1,27,21,19.3,0,66.25,292.26,3.77
2021,1,27,22,18.43,0,70.62,291.91,2.93
2021,1,27,23,17.99,0,71.62,294.25,2.24
2021,1,28,0,17.78,0,70.62,300.05,1.84
2021,1,28,1,17.44,0,70.44,306.19,1.59
2021,1,28,2,17.05,0,70.5,316.19,1.6
2021,1,28,3,16.83,0,69.62,329.17,1.69
2021,1,28,4,16.52,0,69.25,346.61,1.69
2021,1,28,5,16.1,0,69.44,7.03,1.79
2021,1,28,6,15.83,0,69.88,24.82,2.07
2021,1,28,7,18.35,0,60.5,38.53,2.16
2021,1,28,8,22.25,0,45.06,38.04,1.46
2021,1,28,9,26.62,0,32.62,60.49,0.95
2021,1,28,10,28.87,0,28.81,118.39,0.99
2021,1,28,11,30.4,0,26.5,151.19,1.07
2021,1,28,12,31.51,0,24.69,187.7,0.88
2021,1,28,13,32.01,0,23.94,233.04,0.95
2021,1,28,14,31.97,0,23.81,257.29,1.31
2021,1,28,15,31.35,0,24.31,271.74,1.8
2021,1,28,16,29.82,0,28.06,280.86,2.74
2021,1,28,17,26,0,42.75,285.04,4.64
2021,1,28,18,23.67,0,49.56,289.74,5.76
2021,1,28,19,22.08,0,57.06,297.39,5.55
2021,1,28,20,20.57,0,64.69,307.4,4.89
2021,1,28,21,19.6,0,69.06,319.96,3.96
2021,1,28,22,19.09,0,70.62,338.82,2.94
2021,1,28,23,18.64,0,71.69,8.49,2.27
2021,1,29,0,18.2,0,70.88,45,2.04
2021,1,29,1,17.69,0,71.31,76.73,2.28
2021,1,29,2,17.23,0,72.38,100.13,2.75
2021,1,29,3,16.8,0,74,117.01,3.58
2021,1,29,4,16.42,0,75.69,128.8,4.5
2021,1,29,5,16.1,0,77.44,137.71,5.26
2021,1,29,6,16.08,0,78.62,142.41,5.74
2021,1,29,7,19.02,0,66.75,145.07,5.02
2021,1,29,8,22.9,0,52.88,152.09,5.36
2021,1,29,9,27.02,0,37.81,161.13,5.56
2021,1,29,10,29.3,0,32.25,167.78,4.65
2021,1,29,11,30.67,0,30,175.4,3.5
2021,1,29,12,31.58,0,28.25,188.86,2.59
2021,1,29,13,32.01,0,27,209.8,2.11
2021,1,29,14,31.86,0,26.94,232.05,2.16
2021,1,29,15,31.09,0,27.81,249.54,2.59
2021,1,29,16,29.48,0,31.62,265.26,3.5
2021,1,29,17,26.1,0,45.25,275.84,5.45
2021,1,29,18,23.76,0,52.38,281.51,6.66
2021,1,29,19,22.34,0,57.62,286.12,6.55
2021,1,29,20,21.1,0,63.38,291.6,5.81
2021,1,29,21,19.92,0,69.88,299.05,4.68
2021,1,29,22,19.07,0,74.31,308.93,3.61
2021,1,29,23,18.53,0,76.06,323.03,2.65
2021,1,30,0,18.24,0,75.62,344.39,2
2021,1,30,1,18.03,0,75.06,9.26,1.84
2021,1,30,2,17.81,0,75.12,22.6,2.07
2021,1,30,3,17.48,0,75.94,27.46,2.47
2021,1,30,4,17.19,0,76.81,33.08,2.86
2021,1,30,5,16.99,0,77.5,42.37,3.13
2021,1,30,6,17.02,0,77.81,56.05,3.4
2021,1,30,7,20.4,0,64.56,70.07,3.32
2021,1,30,8,24.54,0,45.5,91.28,3.16
2021,1,30,9,28.01,0,33.12,110.99,3.27
2021,1,30,10,30.05,0,27.56,126.32,2.93
2021,1,30,11,31.4,0,24.31,141.43,2.27
2021,1,30,12,32.28,0,22.19,163.46,1.65
2021,1,30,13,32.72,0,20.94,198.54,1.33
2021,1,30,14,32.69,0,20.38,233.32,1.45
2021,1,30,15,32.05,0,20.88,256.68,1.83
2021,1,30,16,30.48,0,24.44,271.57,2.56
2021,1,30,17,26.33,0,40.62,278.98,4.15
2021,1,30,18,23.98,0,46.88,285.69,5.11
2021,1,30,19,22.51,0,54.31,293.36,4.81
2021,1,30,20,21.15,0,62.19,304.64,3.93
2021,1,30,21,20.15,0,67.31,320.47,2.9
2021,1,30,22,19.66,0,68.38,345.58,1.98
2021,1,30,23,19.46,0,66.75,23.5,1.57
2021,1,31,0,18.96,0,66.56,55.62,1.8
2021,1,31,1,18.23,0,67.56,68.49,2.3
2021,1,31,2,17.56,0,68.69,67.55,2.68
2021,1,31,3,16.92,0,70.62,60.75,3.13
2021,1,31,4,16.23,0,72.62,57.08,3.85
2021,1,31,5,15.67,0,74.38,58.47,4.72
2021,1,31,6,15.72,0,74.19,62.89,5.54
2021,1,31,7,19.19,0,59.62,68.65,5.19
2021,1,31,8,23.29,0,44.69,82.86,4.97
2021,1,31,9,27.53,0,32.19,98.33,4.75
2021,1,31,10,29.98,0,27.12,113.85,4.06
2021,1,31,11,31.54,0,24.38,129.17,3.27
2021,1,31,12,32.49,0,22.56,143.34,2.51
2021,1,31,13,32.9,0,21.62,157.93,1.83
2021,1,31,14,32.8,0,21.38,175.06,1.27
2021,1,31,15,32.15,0,22,202.46,0.88
2021,1,31,16,30.75,0,25.44,245.84,0.92
2021,1,31,17,26.51,0,44.38,282.04,1.69
2021,1,31,18,24.45,0,49.75,302.74,2.08
2021,1,31,19,23.73,0,53.88,332.29,1.75
2021,1,31,20,23.27,0,57.12,20.42,1.5
2021,1,31,21,23.04,0,56.88,68.24,2.04
2021,1,31,22,22.18,0,60.69,91.62,3.05
2021,1,31,23,21.39,0,62.56,100.93,3.95
2021,2,1,0,20.7,0,62.38,104.97,4.78
2021,2,1,1,19.67,0,62.88,107.42,5.69
2021,2,1,2,18.56,0,63.5,109.07,6.7
2021,2,1,3,17.89,0,62.62,109.93,7.47
2021,2,1,4,17.31,0,62.12,109.32,7.84
2021,2,1,5,16.8,0,62.81,107.64,8.02
2021,2,1,6,16.64,0,64.38,106.14,8.01
2021,2,1,7,18.67,0,59.62,104.26,7.13
2021,2,1,8,22.98,0,49.25,107.25,7.88
2021,2,1,9,26.62,0,39.06,107.87,8.07
2021,2,1,10,28.98,0,32.88,104.91,7.07
2021,2,1,11,30.51,0,29.06,100.14,5.86
2021,2,1,12,31.48,0,26.94,92.77,4.86
2021,2,1,13,31.9,0,25.94,82.2,4.26
2021,2,1,14,31.84,0,25.62,70.64,4.15
2021,2,1,15,31.21,0,26.12,61.73,4.45
2021,2,1,16,29.69,0,30,57.04,4.93
2021,2,1,17,26.08,0,45.69,54.34,5.62
2021,2,1,18,24.2,0,50.75,56.38,6.63
2021,2,1,19,23.4,0,52.81,61.59,7.39
2021,2,1,20,22.54,0,55.56,66.86,7.65
2021,2,1,21,21.57,0,59,71.45,7.66
2021,2,1,22,20.82,0,62,75.37,7.64
2021,2,1,23,20.27,0,64.25,78.29,7.7
2021,2,2,0,19.94,0,65.56,81.08,7.91
2021,2,2,1,19.79,0,65.94,85.07,8.19
2021,2,2,2,19.75,0,65.81,90.74,8.41
2021,2,2,3,19.62,0,66.44,96.79,8.85
2021,2,2,4,19.39,0,68.06,101.81,9.2
2021,2,2,5,19,0,71,105.82,9.05
2021,2,2,6,18.83,0,73.25,107.98,8.78
2021,2,2,7,20.65,0,67.44,108.6,7.91
2021,2,2,8,23.8,0,55.69,108.38,8.2
2021,2,2,9,26.52,0,45.75,103.98,7.54
2021,2,2,10,28.6,0,38.38,95.08,6.53
2021,2,2,11,30.05,0,32.94,86.11,5.76
2021,2,2,12,31.02,0,29.06,78.64,5.24
2021,2,2,13,31.49,0,26.62,72.55,4.87
2021,2,2,14,31.41,0,25.38,67.84,4.68
2021,2,2,15,30.83,0,25.19,65.51,4.73
2021,2,2,16,29.34,0,27.81,65.09,4.95
2021,2,2,17,25.69,0,42.25,62.87,5.64
2021,2,2,18,23.51,0,46.12,64.2,6.77
2021,2,2,19,22.4,0,46.38,68.86,7.58
2021,2,2,20,21.33,0,47.25,74.05,7.93
2021,2,2,21,20.38,0,48.25,78.2,7.95
2021,2,2,22,19.51,0,49.81,81.18,7.8
2021,2,2,23,18.8,0,51.44,82.66,7.65
2021,2,3,0,18.15,0,52.81,83.15,7.6
2021,2,3,1,17.53,0,53.75,83.81,7.69
2021,2,3,2,16.94,0,54.12,85.72,7.95
2021,2,3,3,16.37,0,54.19,89.56,8.19
2021,2,3,4,15.87,0,54.88,94.92,8.37
2021,2,3,5,15.44,0,57.38,99.97,8.57
2021,2,3,6,15.48,0,61.06,103.17,8.64
2021,2,3,7,17.9,0,58.62,104.29,7.59
2021,2,3,8,22.5,0,50.06,106.45,7.48
2021,2,3,9,26.61,0,36.56,110.68,6.95
2021,2,3,10,28.98,0,29.06,113.04,5.39
2021,2,3,11,30.44,0,25.69,115.17,4.02
2021,2,3,12,31.37,0,23.38,117.05,2.89
2021,2,3,13,31.82,0,22.12,119.91,1.97
2021,2,3,14,31.79,0,21.56,118.03,1.36
2021,2,3,15,31.23,0,21.81,110.35,1.03
2021,2,3,16,30,0,24.12,94.99,0.81
2021,2,3,17,26.76,0,37.94,40.71,0.89
2021,2,3,18,24.26,0,42.5,19.2,1.85
2021,2,3,19,22.82,0,46.62,28.29,2.9
2021,2,3,20,21.51,0,49.75,41.75,3.6
2021,2,3,21,20.13,0,52.5,57.68,3.98
2021,2,3,22,18.87,0,54.06,72.53,4.27
2021,2,3,23,17.83,0,54.38,85.11,4.59
2021,2,4,0,16.88,0,54.5,95.98,4.95
2021,2,4,1,16,0,54.81,104.48,5.34
2021,2,4,2,15.24,0,55.38,111.54,5.83
2021,2,4,3,14.68,0,55.62,116.38,6.33
2021,2,4,4,14.29,0,55.88,119.11,6.84
2021,2,4,5,14.05,0,57.12,119.65,7.33
2021,2,4,6,14.45,0,58.38,118.71,7.64
2021,2,4,7,17.66,0,51.25,116.82,6.36
2021,2,4,8,22.14,0,44.62,122.9,6.27
2021,2,4,9,26.67,0,35.94,134.75,6.38
2021,2,4,10,29.18,0,31.06,144.19,5.15
2021,2,4,11,30.78,0,27.38,158.18,3.97
2021,2,4,12,31.83,0,24.56,176.54,3.37
2021,2,4,13,32.37,0,22.75,195.46,3.28
2021,2,4,14,32.34,0,22,210.85,3.41
2021,2,4,15,31.66,0,22.44,224.2,3.57
2021,2,4,16,30.12,0,25.12,236.47,3.95
2021,2,4,17,26.11,0,38.25,249.57,5.1
2021,2,4,18,23.51,0,44.44,259.43,6.09
2021,2,4,19,21.89,0,50,268.63,5.88
2021,2,4,20,20.28,0,57.69,276.15,5.11
2021,2,4,21,19.11,0,64.06,282.88,4.31
2021,2,4,22,18.26,0,68.38,288.51,3.72
2021,2,4,23,17.67,0,71.25,291.8,3.28
2021,2,5,0,17.3,0,72.88,291.88,3
2021,2,5,1,17.05,0,74.06,289.54,2.83
2021,2,5,2,16.71,0,75.75,285.9,2.91
2021,2,5,3,16.33,0,77.75,280.79,3.05
2021,2,5,4,16.01,0,79.56,275.7,3.07
2021,2,5,5,15.76,0,81.19,270.76,2.95
2021,2,5,6,16.01,0,80.88,263.15,2.62
2021,2,5,7,18.99,0,68.12,249.23,2.01
2021,2,5,8,23.34,0,46.88,261.82,2.58
2021,2,5,9,26.59,0,36.88,249.03,2.79
2021,2,5,10,28.65,0,31.88,244.44,3.19
2021,2,5,11,30.09,0,27.69,248.94,3.68
2021,2,5,12,31,0,24.81,254.02,4.14
2021,2,5,13,31.37,0,23,258.56,4.65
2021,2,5,14,31.12,0,22.19,264.25,5.14
2021,2,5,15,30.18,0,22.62,269.36,5.58
2021,2,5,16,28.44,0,25.25,275.01,6
2021,2,5,17,24.48,0,37.19,280.75,7
2021,2,5,18,21.78,0,47.25,286.47,7.94
2021,2,5,19,20.52,0,54.81,294.04,7.37
2021,2,5,20,19.36,0,62.19,302.15,6.39
2021,2,5,21,18.46,0,67.38,310.42,5.47
2021,2,5,22,17.71,0,70.88,319.1,4.8
2021,2,5,23,17.15,0,72.75,328.81,4.37
2021,2,6,0,16.73,0,73.5,340.31,4.06
2021,2,6,1,16.33,0,73.81,354.83,3.81
2021,2,6,2,15.73,0,75.38,10.81,3.83
2021,2,6,3,15.06,0,77.5,24.19,4.21
2021,2,6,4,14.55,0,78.81,34.57,4.79
2021,2,6,5,14.21,0,79.06,43.66,5.43
2021,2,6,6,14.55,0,76.12,50.35,6.1
2021,2,6,7,17.76,0,60.81,56.26,5.46
2021,2,6,8,22.26,0,43.81,62.07,5.29
2021,2,6,9,26.61,0,31.5,68.42,5.14
2021,2,6,10,29.08,0,27,72.6,4.52
2021,2,6,11,30.72,0,24.38,73.58,3.93
2021,2,6,12,31.83,0,22.31,70.04,3.52
2021,2,6,13,32.42,0,20.94,64.19,3.43
2021,2,6,14,32.45,0,20.25,58.08,3.44
2021,2,6,15,31.88,0,20.38,54.06,3.65
2021,2,6,16,30.43,0,23.25,51.34,4.05
2021,2,6,17,25.99,0,39,46.11,4.85
2021,2,6,18,23.36,0,43.19,46.38,5.95
2021,2,6,19,22.29,0,44.56,51.89,6.77
2021,2,6,20,21.31,0,45.88,59.83,7.49
2021,2,6,21,20.33,0,47.38,67.3,8.04
2021,2,6,22,19.48,0,49,71.32,8.25
2021,2,6,23,18.76,0,50.62,73.8,8.23
2021,2,7,0,18.11,0,52.56,75.48,8.13
2021,2,7,1,17.44,0,54.62,75.75,8.06
2021,2,7,2,16.76,0,56.31,75.65,8.26
2021,2,7,3,16.22,0,57,76.43,8.53
2021,2,7,4,15.62,0,58.31,77.66,8.7
2021,2,7,5,15.13,0,59.69,78.56,8.94
2021,2,7,6,15.07,0,60.06,79.79,8.91
2021,2,7,7,17.43,0,52.81,80.8,7.91
2021,2,7,8,21.94,0,42.56,84.98,8.48
2021,2,7,9,25.94,0,34.25,90.56,8.73
2021,2,7,10,28.37,0,29.19,92.52,7.8
2021,2,7,11,30.04,0,25.88,91.25,6.8
2021,2,7,12,31.16,0,23.38,87.54,6.01
2021,2,7,13,31.75,0,21.81,82.77,5.53
2021,2,7,14,31.75,0,21.12,78.19,5.31
2021,2,7,15,31.12,0,21.25,74.88,5.39
2021,2,7,16,29.69,0,23.31,71.39,5.66
2021,2,7,17,25.2,0,36.69,65.53,6.3
2021,2,7,18,22.44,0,41.44,63.82,7.23
2021,2,7,19,21.42,0,41.69,66.51,7.74
2021,2,7,20,20.54,0,41.94,71.36,8.26
2021,2,7,21,19.81,0,42,75.14,8.75
2021,2,7,22,19.15,0,42.62,77.3,9.1
2021,2,7,23,18.56,0,43.31,80.23,9.43
2021,2,8,0,17.98,0,44,83.28,9.61
2021,2,8,1,17.22,0,45.12,85.87,9.56
2021,2,8,2,16.27,0,47.44,87.88,9.27
2021,2,8,3,15.5,0,50.25,89.56,9.06
2021,2,8,4,14.97,0,53.12,91.1,8.96
2021,2,8,5,14.55,0,56,92.41,8.93
2021,2,8,6,14.52,0,57.62,93.34,8.84
2021,2,8,7,16.92,0,50.69,93.72,7.95
2021,2,8,8,21.58,0,36.81,93.54,8.47
2021,2,8,9,25.77,0,25.06,89.8,9.18
2021,2,8,10,28.09,0,20.12,84.67,8.65
2021,2,8,11,29.8,0,16.81,81.53,8.12
2021,2,8,12,31.05,0,14.44,79.23,7.52
2021,2,8,13,31.82,0,12.94,77.06,6.91
2021,2,8,14,31.94,0,12.19,75.98,6.42
2021,2,8,15,31.36,0,12.06,75.77,6.07
2021,2,8,16,29.69,0,14.69,74.66,5.76
2021,2,8,17,24.15,0,29.81,71.07,5.76
2021,2,8,18,21.1,0,33.69,70.12,6.06
2021,2,8,19,19.9,0,34.56,71.54,6.32
2021,2,8,20,18.8,0,35.38,75.04,6.69
2021,2,8,21,17.84,0,35.75,80.86,7.23
2021,2,8,22,17.01,0,36,87.47,7.79
2021,2,8,23,16.19,0,36.5,93.38,8.21
2021,2,9,0,15.37,0,37.19,98.79,8.49
2021,2,9,1,14.65,0,38.31,103.51,8.63
2021,2,9,2,14.18,0,40.06,105.48,9.05
2021,2,9,3,14.14,0,42.69,105.75,9.55
2021,2,9,4,14.09,0,48.88,105.96,9.72
2021,2,9,5,13.86,0,58,104.98,9.52
2021,2,9,6,13.99,0,65.75,102.92,9.12
2021,2,9,7,16.82,0,60.38,98.89,7.33
2021,2,9,8,21.78,0,46.25,99.71,7.13
2021,2,9,9,26.48,0,29.31,101.45,6.97
2021,2,9,10,28.93,0,22.06,94.63,5.81
2021,2,9,11,30.73,0,18.19,87.52,5.06
2021,2,9,12,32.05,0,15.75,81.7,4.55
2021,2,9,13,32.81,0,14.44,76.66,4.2
2021,2,9,14,32.91,0,13.75,72.63,4
2021,2,9,15,32.35,0,13.75,69.15,3.93
2021,2,9,16,30.77,0,17.19,64.68,4.02
2021,2,9,17,25.76,0,33.31,58.6,4.44
2021,2,9,18,22.94,0,35.38,57.25,5.03
2021,2,9,19,21.45,0,37.56,61.06,5.57
2021,2,9,20,20.14,0,39.19,67.07,6.06
2021,2,9,21,18.94,0,40.06,73.07,6.41
2021,2,9,22,17.89,0,40.88,78.45,6.55
2021,2,9,23,17.01,0,42.06,82.49,6.57
2021,2,10,0,16.22,0,43.94,85.22,6.48
2021,2,10,1,15.51,0,46,85.72,6.38
2021,2,10,2,14.86,0,48.12,87.31,6.5
2021,2,10,3,14.26,0,50.69,91.48,6.65
2021,2,10,4,13.69,0,54,97.9,6.77
2021,2,10,5,13.26,0,58.38,104.33,6.97
2021,2,10,6,13.71,0,61.06,109.04,7.23
2021,2,10,7,17.74,0,51,111.63,5.98
2021,2,10,8,22.44,0,41,115.73,5.04
2021,2,10,9,27.75,0,26.69,121.18,4.69
2021,2,10,10,30.31,0,20.25,115.97,3.73
2021,2,10,11,32.01,0,16.75,109.14,3.19
2021,2,10,12,33.17,0,14.69,103.24,2.73
2021,2,10,13,33.81,0,13.5,97.03,2.24
2021,2,10,14,33.85,0,13.06,92.96,1.67
2021,2,10,15,33.25,0,13.19,83.97,0.97
2021,2,10,16,31.89,0,15.44,21.45,0.47
2021,2,10,17,27.26,0,29.88,312.13,1.43
2021,2,10,18,23.39,0,37.12,306.51,2.51
2021,2,10,19,21.77,0,41.88,309.74,2.53
2021,2,10,20,20.62,0,47.06,319.53,1.82
2021,2,10,21,20.25,0,48.06,345.36,1.08
2021,2,10,22,20.23,0,46.19,45.72,0.88
2021,2,10,23,19.58,0,46,90,1.59
2021,2,11,0,18.28,0,51,103.83,2.58
2021,2,11,1,17.05,0,53.81,104.8,3.39
2021,2,11,2,16.14,0,54.69,100.58,3.83
2021,2,11,3,15.4,0,54.88,93.93,4.21
2021,2,11,4,14.7,0,54.88,88.32,4.79
2021,2,11,5,14.12,0,54.88,84.81,5.44
2021,2,11,6,14.33,0,53,83.67,6.02
2021,2,11,7,18.59,0,38.12,85.17,5.28
2021,2,11,8,22.69,0,29.56,84.45,4.36
2021,2,11,9,28.07,0,19.62,83.49,4.69
2021,2,11,10,30.89,0,16.12,88.9,4.08
2021,2,11,11,32.38,0,14.56,93.05,3.67
2021,2,11,12,33.42,0,13.38,92.69,3.17
2021,2,11,13,33.98,0,12.69,88.25,2.56
2021,2,11,14,33.97,0,12.56,81.46,2
2021,2,11,15,33.38,0,12.88,71.94,1.51
2021,2,11,16,32.03,0,15.56,58.17,1.07
2021,2,11,17,28.18,0,25.94,355.96,0.67
2021,2,11,18,24.47,0,34.75,300.55,1.31
2021,2,11,19,22.44,0,42.19,279.29,1.74
2021,2,11,20,21.1,0,48.81,257.65,1.86
2021,2,11,21,20.05,0,55.38,237.23,2.03
2021,2,11,22,19.24,0,60.69,225.81,2.34
2021,2,11,23,18.55,0,65.69,222.54,2.58
2021,2,12,0,18.01,0,70.88,221.73,2.62
2021,2,12,1,17.62,0,76.5,216.22,2.5
2021,2,12,2,17.33,0,80.06,206.83,2.25
2021,2,12,3,17.04,0,82.06,194.41,2.01
2021,2,12,4,16.73,0,83.25,180.48,1.88
2021,2,12,5,16.44,0,83.81,166.55,1.85
2021,2,12,6,16.43,0,82.44,150.28,1.97
2021,2,12,7,19.19,0,68.06,134.85,2.09
2021,2,12,8,23.6,0,46.69,139.8,2.18
2021,2,12,9,27.94,0,30.88,144.63,2.51
2021,2,12,10,30.26,0,25.94,143.2,2.4
2021,2,12,11,31.83,0,23.38,143.4,1.97
2021,2,12,12,32.89,0,21.62,149.7,1.5
2021,2,12,13,33.42,0,20.62,169.25,1.09
2021,2,12,14,33.34,0,20.44,192.22,0.78
2021,2,12,15,32.77,0,20.81,213.9,0.6
2021,2,12,16,31.48,0,23.44,250.93,0.67
2021,2,12,17,27.43,0,39.19,277.84,1.77
2021,2,12,18,24.55,0,44.12,284.71,2.89
2021,2,12,19,23.26,0,47.88,286.9,3.04
2021,2,12,20,22.07,0,53.06,288.54,2.78
2021,2,12,21,21.05,0,58,289.79,2.4
2021,2,12,22,20.22,0,61.62,289.02,1.94
2021,2,12,23,19.55,0,63.75,284.82,1.53
2021,2,13,0,19.07,0,64.75,277.82,1.21
2021,2,13,1,18.68,0,65.25,266.25,0.96
2021,2,13,2,18.51,0,65.94,223.05,0.81
2021,2,13,3,18.13,0,66.94,180,1.29
2021,2,13,4,17.33,0,70.38,160.3,2.02
2021,2,13,5,16.44,0,74.31,150.87,2.97
2021,2,13,6,16.15,0,75.69,146.13,4.09
2021,2,13,7,19.8,0,59.06,144.91,4.27
2021,2,13,8,24.2,0,41.38,155.48,4.5
2021,2,13,9,28.1,0,28.81,160.84,4.71
2021,2,13,10,30.33,0,23.12,164.01,4.23
2021,2,13,11,31.9,0,19.38,167.84,3.52
2021,2,13,12,32.91,0,17,175.14,3.04
2021,2,13,13,33.43,0,15.62,191.18,2.66
2021,2,13,14,33.4,0,15.25,209.12,2.66
2021,2,13,15,32.75,0,15.88,221.94,2.9
2021,2,13,16,31.22,0,18.44,239.06,3.48
2021,2,13,17,27.19,0,30.19,257.17,5.31
2021,2,13,18,24.1,0,40,265.65,6.89
2021,2,13,19,22.17,0,51,270.62,7.17
2021,2,13,20,20.88,0,62,276.27,6.73
2021,2,13,21,19.74,0,72.06,282.28,5.69
2021,2,13,22,18.75,0,80.06,289.44,4.51
2021,2,13,23,18.11,0,85.5,297.31,3.47
2021,2,14,0,17.83,0,87.69,305.82,2.74
2021,2,14,1,17.58,0,88.75,314.17,2.28
2021,2,14,2,17.2,0,89.75,319.7,1.96
2021,2,14,3,16.99,0,89.5,324.74,1.66
2021,2,14,4,17.03,0,87.94,337.69,1.32
2021,2,14,5,16.88,0,87.62,10.43,0.99
2021,2,14,6,16.72,0,87.69,60.91,1.19
2021,2,14,7,19.08,0,75.94,89.43,1.57
2021,2,14,8,23.74,0,49.38,109.81,1.34
2021,2,14,9,27.87,0,31.56,131.13,1.47
2021,2,14,10,30.13,0,25.12,145.27,1.43
2021,2,14,11,31.67,0,21.56,164.55,1
2021,2,14,12,32.72,0,19.5,215.61,0.71
2021,2,14,13,33.23,0,18.38,259.29,1.18
2021,2,14,14,33.13,0,18.19,266.97,1.78
2021,2,14,15,32.44,0,18.88,266.51,2.31
2021,2,14,16,31,0,21.19,268.25,3.06
2021,2,14,17,27.34,0,33.12,270.38,4.69
2021,2,14,18,24.57,0,40.94,271.61,6.14
2021,2,14,19,22.85,0,49.12,273.89,6.57
2021,2,14,20,21.42,0,59.5,275.44,6.35
2021,2,14,21,20.31,0,69.5,276.08,5.61
2021,2,14,22,19.38,0,77.56,277.83,4.7
2021,2,14,23,18.64,0,84.56,282.69,4.12
2021,2,15,0,18.09,0,89.81,286.99,3.64
2021,2,15,1,17.66,0,93.25,288.04,3.25
2021,2,15,2,17.25,0,95.75,288.02,3.06
2021,2,15,3,16.89,0,97.5,290.92,2.84
2021,2,15,4,16.63,0,98.44,296.49,2.56
2021,2,15,5,16.58,0,98,301.98,1.96
2021,2,15,6,17.06,0,94.06,312.81,1.01
2021,2,15,7,19.28,0,81.44,53.62,0.18
2021,2,15,8,24.48,0,48.31,172.3,0.88
2021,2,15,9,27.89,0,35.25,178.62,1.63
2021,2,15,10,29.95,0,29.69,186.44,2.02
2021,2,15,11,31.48,0,26,199.84,2.21
2021,2,15,12,32.53,0,23.69,218.46,2.42
2021,2,15,13,33.05,0,22.56,236.99,2.93
2021,2,15,14,32.99,0,22.31,251.36,3.52
2021,2,15,15,32.26,0,23.12,262.41,4.14
2021,2,15,16,30.72,0,25.69,270.73,4.93
2021,2,15,17,27.25,0,34.81,276.73,6.4
2021,2,15,18,24.55,0,43.62,280.49,7.72
2021,2,15,19,23.18,0,50.75,284.55,7.62
2021,2,15,20,21.76,0,59.19,288.96,6.73
2021,2,15,21,20.41,0,67.38,294.17,5.76
2021,2,15,22,19.43,0,73.5,299.59,4.91
2021,2,15,23,18.71,0,77.62,303.46,4.25
2021,2,16,0,18.12,0,80.44,306.18,3.78
2021,2,16,1,17.69,0,82,307.91,3.27
2021,2,16,2,17.4,0,82.88,306.3,2.81
2021,2,16,3,17.14,0,83.56,303.24,2.47
2021,2,16,4,16.92,0,83.94,302.77,2.16
2021,2,16,5,16.68,0,84.31,306.77,1.85
2021,2,16,6,17.15,0,81.19,317.25,1.4
2021,2,16,7,19.46,0,70.69,328.75,0.81
2021,2,16,8,24.54,0,44.12,299.58,0.33
2021,2,16,9,28.14,0,32.62,185.33,0.93
2021,2,16,10,30.34,0,27.5,195.91,1.62
2021,2,16,11,31.83,0,24.19,210.7,2.04
2021,2,16,12,32.83,0,21.88,226.84,2.41
2021,2,16,13,33.27,0,20.62,241.86,2.91
2021,2,16,14,33.09,0,20.56,252.25,3.54
2021,2,16,15,32.28,0,21.88,257.41,4.27
2021,2,16,16,30.65,0,25.31,262.28,5.35
2021,2,16,17,27.26,0,34.88,268.26,7.2
2021,2,16,18,24.44,0,46.88,272.37,8.48
2021,2,16,19,22.9,0,58.31,275.93,8.17
2021,2,16,20,21.48,0,69.75,278.45,6.86
2021,2,16,21,20.44,0,78.69,282.17,5.82
2021,2,16,22,19.71,0,84.62,286.81,5.21
2021,2,16,23,19.18,0,88.56,291.6,4.84
2021,2,17,0,18.73,0,91.56,296.52,4.6
2021,2,17,1,18.31,0,94.31,302.11,4.41
2021,2,17,2,18.16,0,95.06,307.88,4.24
2021,2,17,3,18.01,0,95.31,314.13,4.02
2021,2,17,4,17.73,0,95.94,321.75,3.76
2021,2,17,5,17.41,0,96.62,331.03,3.5
2021,2,17,6,17.55,0,94.38,341.79,3.15
2021,2,17,7,19.73,0,80.5,350.12,2.82
2021,2,17,8,24.02,0,56.69,358.05,2.98
2021,2,17,9,27.29,0.01,43.94,14.58,1.8
2021,2,17,10,29.55,0,36.69,67.89,0.54
2021,2,17,11,31.22,0,31.62,184.2,0.85
2021,2,17,12,32.13,0.01,28.81,210.54,1.61
2021,2,17,13,32.48,0.01,27.5,223.01,2.22
2021,2,17,14,32.16,0.01,27.69,238.56,2.76
2021,2,17,15,31.19,0.01,29.62,254.98,3.44
2021,2,17,16,29.89,0,33.12,266.91,4.5
2021,2,17,17,27.62,0,40.94,274.15,6.05
2021,2,17,18,25.69,0.01,49.75,277.8,7.03
2021,2,17,19,24.19,0.01,58.69,281.98,6.7
2021,2,17,20,22.87,0.03,67.69,283.71,5.67
2021,2,17,21,21.87,0.07,75.38,286.45,4.86
2021,2,17,22,21.18,0.09,80.94,291.5,4.2
2021,2,17,23,20.7,0.12,84.75,297.53,3.53
2021,2,18,0,20.36,0.15,87.31,308.17,3.11
2021,2,18,1,20.09,0.2,89.19,323.86,3.05
2021,2,18,2,19.9,0.28,90.25,340.4,3.4
2021,2,18,3,19.63,0.3,91.5,354.74,3.58
2021,2,18,4,19.52,0.31,91.69,12.2,3.66
2021,2,18,5,19.23,0.31,91.81,36.02,3.79
2021,2,18,6,19.33,0.17,89.25,59.41,4.13
2021,2,18,7,21.29,0.1,76.12,80.07,4.12
2021,2,18,8,24.44,0.27,55.12,102.79,4.52
2021,2,18,9,27.24,0.27,42.5,121.24,4.37
2021,2,18,10,29.08,0.24,37.44,136.93,3.94
2021,2,18,11,30.11,0.24,34.88,151.97,3.56
2021,2,18,12,30.44,0.23,33.31,166.03,3.37
2021,2,18,13,30.07,0.22,33.44,177.07,3.21
2021,2,18,14,29.47,0.17,34.69,183.93,2.85
2021,2,18,15,28.55,0.12,37.12,185.94,2.34
2021,2,18,16,27.45,0.09,42.38,180.74,1.81
2021,2,18,17,26.08,0.07,52.94,160.05,1.3
2021,2,18,18,25.01,0.09,57.38,113.71,1.26
2021,2,18,19,23.62,0.12,67.12,83.64,2.47
2021,2,18,20,22.44,0.12,70.06,77.33,4.13
2021,2,18,21,21.69,0.14,70.19,75,5.52
2021,2,18,22,20.88,0.12,71.12,72.27,6.46
2021,2,18,23,20.19,0.11,72.25,68.85,7.15
2021,2,19,0,19.52,0.11,74.25,65.88,7.63
2021,2,19,1,19.01,0.1,76.06,65.36,8.02
2021,2,19,2,18.48,0.13,77.62,67.93,8.52
2021,2,19,3,18.04,0.07,79.44,69.55,8.56
2021,2,19,4,17.69,0.02,81.25,72.38,8.65
2021,2,19,5,17.37,0.01,83.12,76.03,8.77
2021,2,19,6,17.4,0,83.75,79.45,8.75
2021,2,19,7,19.55,0,72.44,83.25,8.84
2021,2,19,8,22.87,0,54.62,90.29,9.37
2021,2,19,9,25.76,0,42.44,96.7,8.77
2021,2,19,10,28,0,35.88,99.01,7.33
2021,2,19,11,29.48,0,32.12,98.33,5.77
2021,2,19,12,30.39,0,29.5,96.64,4.66
2021,2,19,13,30.69,0.01,27.75,94.55,4.04
2021,2,19,14,30.15,0.01,27.56,93.46,4.02
2021,2,19,15,29.09,0,29.06,92.44,4.4
2021,2,19,16,27.71,0,32.62,90.28,4.72
2021,2,19,17,25.44,0.01,45.19,86.99,4.91
2021,2,19,18,24.03,0.01,52.06,82.77,4.97
2021,2,19,19,23.43,0.01,53.81,79.96,5.06
2021,2,19,20,22.8,0.01,55.75,78.67,5.29
2021,2,19,21,22.12,0,57.19,77.75,5.78
2021,2,19,22,21.48,0,57.38,78.37,6.67
2021,2,19,23,21,0,57,82.85,7.6
2021,2,20,0,20.29,0,58.62,88.22,8.04
2021,2,20,1,19.25,0,62.81,90.81,7.71
2021,2,20,2,18.48,0,66.31,90.53,7.56
2021,2,20,3,17.96,0,69.12,87.4,7.58
2021,2,20,4,17.61,0,71.81,83.93,7.76
2021,2,20,5,17.28,0,74.75,81.1,7.93
2021,2,20,6,17.33,0,75.62,78.89,7.87
2021,2,20,7,19.69,0,65.81,81.9,9.15
2021,2,20,8,22.83,0,51.88,86.29,11.59
2021,2,20,9,25.26,0,42.81,88.2,11.2
2021,2,20,10,27.39,0,36.75,90.61,10.29
2021,2,20,11,29.16,0,32.56,93.21,9.21
2021,2,20,12,30.2,0,30.19,95.53,8.02
2021,2,20,13,30.4,0,29.5,97.19,6.99
2021,2,20,14,29.69,0,30.62,97.7,6.24
2021,2,20,15,28.81,0,32.5,97.63,5.77
2021,2,20,16,27.69,0,35.56,98.75,5.6
2021,2,20,17,25.6,0,45.25,103.38,5.64
2021,2,20,18,24.23,0,50.88,110.11,6.09
2021,2,20,19,23.45,0,52.44,114.92,6.71
2021,2,20,20,22.54,0,54.81,115.7,7.15
2021,2,20,21,21.48,0,58.12,112.48,7.25
2021,2,20,22,20.36,0,62.06,107.01,7.16
2021,2,20,23,19.65,0,64.12,101.75,7.25
2021,2,21,0,19.16,0,65.06,98.38,7.56
2021,2,21,1,18.72,0,66,96.56,7.72
2021,2,21,2,18.26,0,67.31,95.81,7.72
2021,2,21,3,17.73,0,69.31,94.93,7.37
2021,2,21,4,17.34,0,71.25,94.11,7.3
2021,2,21,5,17.13,0,72.81,93.79,7.45
2021,2,21,6,17.46,0,72.38,94.5,7.47
2021,2,21,7,20.08,0,64.06,97.28,7.89
2021,2,21,8,23.62,0,52.38,96.03,10.05
2021,2,21,9,26.26,0,42.88,94.35,10.61
2021,2,21,10,28.25,0,37.44,94.68,10.25
2021,2,21,11,29.73,0,34,95.43,9.5
2021,2,21,12,30.68,0.01,31.69,96.12,8.64
2021,2,21,13,31.03,0.01,30.69,96.47,7.91
2021,2,21,14,30.75,0.04,30.94,96.28,7.22
2021,2,21,15,29.76,0.05,32.88,96.27,6.65
2021,2,21,16,28.67,0.04,35.56,97.66,6.33
2021,2,21,17,26.36,0.03,44.94,101.6,6.02
2021,2,21,18,24.39,0.08,54.5,109.3,6.05
2021,2,21,19,23.75,0.13,58.19,118.9,6.01
2021,2,21,20,22.94,0.3,62.62,128.85,5.88
2021,2,21,21,22.15,0.3,67.75,138.2,5.45
2021,2,21,22,21.5,0.18,72.56,145.87,4.78
2021,2,21,23,20.87,0.09,76.75,151.07,3.89
2021,2,22,0,20.4,0.05,79.25,153.38,3.35
2021,2,22,1,19.99,0.02,80.75,150.33,3.09
2021,2,22,2,19.62,0.03,81.5,144.86,3
2021,2,22,3,19.23,0,82.38,137.61,2.91
2021,2,22,4,18.8,0.01,83.31,127.47,2.83
2021,2,22,5,18.36,0.02,84.25,115.35,2.96
2021,2,22,6,18.73,0.11,82.88,104.95,3.09
2021,2,22,7,20.73,0.13,72.56,94.54,2.77
2021,2,22,8,23.91,0,56.12,86.96,3.98
2021,2,22,9,26.69,0,44.56,88.02,5.87
2021,2,22,10,28.97,0,37.44,88.81,6.77
2021,2,22,11,30.56,0,33.19,88.35,6.79
2021,2,22,12,31.17,0,31.38,87.79,6.47
2021,2,22,13,30.99,0,31.38,86.24,6.08
2021,2,22,14,30.12,0,32.94,83.7,5.49
2021,2,22,15,29.42,0,34.38,80.52,4.7
2021,2,22,16,28.45,0,36.94,77.46,3.92
2021,2,22,17,26.28,0,51.75,74.91,3.3
2021,2,22,18,24.99,0,57.81,74.55,2.76
2021,2,22,19,24.69,0,56.81,77.24,2.3
2021,2,22,20,24.14,0,57.62,82.21,2.42
2021,2,22,21,23.28,0,59.94,87.41,2.94
2021,2,22,22,22.36,0,63.12,91.35,3.31
2021,2,22,23,21.48,0,65.75,94.55,3.45
2021,2,23,0,20.74,0,67.44,96.59,3.33
2021,2,23,1,20.33,0,67.81,96.76,3.05
2021,2,23,2,20.22,0,67,96.23,2.66
2021,2,23,3,20.08,0,66.12,96.69,2.41
2021,2,23,4,19.72,0,66.69,98.69,2.48
2021,2,23,5,19.13,0,68.62,100.81,2.83
2021,2,23,6,19.14,0,70.38,102.66,3.39
2021,2,23,7,22.62,0,55.31,104.13,3.46
2021,2,23,8,26.92,0,39.44,105.35,4.13
2021,2,23,9,29.59,0,32.25,102.84,4.25
2021,2,23,10,31.4,0,28.69,100.12,4.22
2021,2,23,11,32.72,0,26.5,98.35,4.03
2021,2,23,12,33.41,0,25.31,96.83,3.81
2021,2,23,13,33.82,0,24.56,96.31,3.55
2021,2,23,14,33.55,0,24.75,95.46,3.2
2021,2,23,15,32.48,0,26.19,95.5,2.69
2021,2,23,16,31.26,0,29.25,97.92,2.15
2021,2,23,17,29.44,0,40.44,103.47,1.34
2021,2,23,18,27.93,0,44.62,112.93,0.22
2021,2,23,19,26.66,0,51.31,297.22,0.61
2021,2,23,20,25.68,0,55.31,299.97,1
2021,2,23,21,24.87,0,58.25,298.33,1.14
2021,2,23,22,24.27,0,60.94,294.08,1.21
2021,2,23,23,23.72,0,63.44,295.7,1.15
2021,2,24,0,23.24,0,65.56,315,0.81
2021,2,24,1,22.89,0,65.06,36.03,0.74
2021,2,24,2,22.17,0,65.62,71.95,1.82
2021,2,24,3,20.75,0,67.06,85.22,3.1
2021,2,24,4,19.76,0,68.31,95.77,4.35
2021,2,24,5,19.17,0,68.38,104.96,5.39
2021,2,24,6,19.59,0,65.81,112.49,6.05
2021,2,24,7,22.8,0,53.38,117.95,5.22
2021,2,24,8,27.14,0,38.5,125.37,5.98
2021,2,24,9,30.15,0,30.44,124.55,5.61
2021,2,24,10,32.15,0,26.25,120.16,4.85
2021,2,24,11,33.55,0,23.62,115.94,4.14
2021,2,24,12,34.45,0,22,115.45,3.58
2021,2,24,13,34.86,0,21.06,118.9,3.09
2021,2,24,14,34.77,0,20.75,123.74,2.6
2021,2,24,15,34.19,0,21.12,131.04,2
2021,2,24,16,32.99,0,22.69,149.85,1.23
2021,2,24,17,29.83,0,36.44,239.1,1.2
2021,2,24,18,27.43,0,41.88,269.84,2.73
2021,2,24,19,26.65,0,44.38,277.94,3.28
2021,2,24,20,25.76,0,49,283.38,3.31
2021,2,24,21,24.83,0,54.06,286.33,3.22
2021,2,24,22,23.83,0,59.88,286.41,3.01
2021,2,24,23,22.78,0,65,284.32,2.72
2021,2,25,0,21.73,0,69.88,283.19,2.43
2021,2,25,1,21.03,0,73.25,284.24,2.16
2021,2,25,2,20.59,0,75.06,287.57,1.97
2021,2,25,3,20.26,0,76.25,294.38,1.84
2021,2,25,4,19.97,0,76.94,305.57,1.72
2021,2,25,5,19.62,0,77.44,320.73,1.6
2021,2,25,6,19.87,0,74.69,339.51,1.52
2021,2,25,7,22.58,0,61.25,354.22,1.32
2021,2,25,8,27.73,0,36.88,37.39,1.04
2021,2,25,9,31.33,0,25.19,74.58,1.41
2021,2,25,10,33.19,0,21.5,81.93,1.06
2021,2,25,11,34.42,0,19.38,66.67,0.43
2021,2,25,12,35.3,0,17.75,312.83,0.44
2021,2,25,13,35.73,0,16.81,293.81,1.16
2021,2,25,14,35.55,0,16.62,287.99,1.92
2021,2,25,15,34.76,0,17.5,281.31,2.83
2021,2,25,16,33.19,0,19.94,276.49,4.08
2021,2,25,17,30.05,0,28.62,273.2,6.02
2021,2,25,18,27.04,0,38.19,271.37,7.54
2021,2,25,19,25.2,0,47.94,271.54,7.85
2021,2,25,20,23.85,0,58,272.82,7.14
2021,2,25,21,22.76,0,66.94,275.99,6.14
2021,2,25,22,21.71,0,73.94,283.15,5.29
2021,2,25,23,20.98,0,77.56,292.38,4.78
2021,2,26,0,20.4,0,79.19,301.72,4.55
2021,2,26,1,19.87,0,80.5,310.11,4.54
2021,2,26,2,19.39,0,81.38,315.44,4.34
2021,2,26,3,18.99,0,81.5,319.88,3.96
2021,2,26,4,18.73,0,80.5,327.98,3.49
2021,2,26,5,18.54,0,78.94,342.78,3.03
2021,2,26,6,18.9,0,74.88,4.52,2.77
2021,2,26,7,21.73,0,61.12,27.52,2.3
2021,2,26,8,26.57,0,40.31,30.9,2.49
2021,2,26,9,30.64,0,27.88,39.53,2.26
2021,2,26,10,32.83,0,23.25,48.79,1.67
2021,2,26,11,34.26,0,20.81,43.17,1.04
2021,2,26,12,35.15,0,19.38,355.12,0.64
2021,2,26,13,35.59,0,18.56,307.71,1.18
2021,2,26,14,35.49,0,18.5,296.57,2.06
2021,2,26,15,34.66,0,19.5,290.01,3.15
2021,2,26,16,32.94,0,22.44,286.59,4.68
2021,2,26,17,30.23,0,30.31,283.11,6.55
2021,2,26,18,27.7,0,38.38,280.05,7.57
2021,2,26,19,25.89,0,46.88,280.39,7.8
2021,2,26,20,24.53,0,54.75,283.37,7.3
2021,2,26,21,23.43,0,60.5,289.75,6.24
2021,2,26,22,22.23,0,66.44,291.87,4.95
2021,2,26,23,21.31,0,70.31,300.12,4.11
2021,2,27,0,20.65,0,72.06,315.09,3.57
2021,2,27,1,20.15,0,72.19,335.24,3.32
2021,2,27,2,19.62,0,71.5,355.68,3.42
2021,2,27,3,19.05,0,69.88,13.15,3.81
2021,2,27,4,18.5,0,67.19,26.94,4.31
2021,2,27,5,18.05,0,63.62,37,4.92
2021,2,27,6,18.64,0,56.75,43.67,5.46
2021,2,27,7,21.95,0,42.44,48.68,4.57
2021,2,27,8,26.86,0,27.44,47.84,5.12
2021,2,27,9,31.24,0,18.94,49.29,5.39
2021,2,27,10,33.57,0,16.94,51.24,4.83
2021,2,27,11,35.09,0,15.94,51.31,4.27
2021,2,27,12,35.93,0,15.38,49.12,3.77
2021,2,27,13,36.27,0,15.12,44.53,3.35
2021,2,27,14,36.13,0,15.25,39.06,2.99
2021,2,27,15,35.44,0,15.62,34.08,2.54
2021,2,27,16,34.18,0,16.75,25.83,2.17
2021,2,27,17,30.62,0,27.38,355.29,2
2021,2,27,18,27.33,0,33.31,320.86,2.49
2021,2,27,19,26.09,0,37.25,305.84,2.6
2021,2,27,20,24.87,0,42.5,299.17,2.23
2021,2,27,21,23.9,0,46.56,297.87,1.54
2021,2,27,22,23.5,0,48.06,302.07,0.69
2021,2,27,23,23.13,0,48.69,64.13,0.29
2021,2,28,0,22.27,0,50,83.38,1.22
2021,2,28,1,21.04,0,50.75,80.91,2.37
2021,2,28,2,19.68,0,50.94,78.79,3.7
2021,2,28,3,18.74,0,48.56,78.5,5.05
2021,2,28,4,18.2,0,44.25,79.52,6.23
2021,2,28,5,17.88,0,40.69,80.24,7.19
2021,2,28,6,18.78,0,36.75,81.64,7.79
2021,2,28,7,22.46,0,29.75,84.37,6.85
2021,2,28,8,27.46,0,24.25,90,7.16
2021,2,28,9,31.73,0,20.75,94.38,7.36
2021,2,28,10,34.12,0,18.25,94.5,6.47
2021,2,28,11,35.59,0,16.31,93.06,5.55
2021,2,28,12,36.46,0,15.06,91.87,4.8
2021,2,28,13,36.83,0,14.31,89.79,4.2
2021,2,28,14,36.7,0,14.06,88.66,3.67
2021,2,28,15,36.05,0,14.31,87.85,3.12
2021,2,28,16,34.69,0,15.5,88.25,2.56
2021,2,28,17,31.83,0,22.31,96.28,1.64
2021,2,28,18,29.06,0,28.06,141.1,0.88
2021,2,28,19,27.19,0,33.25,174.95,1.42
2021,2,28,20,25.44,0,39.06,184.1,2.29
2021,2,28,21,24.03,0,45.31,190.09,2.94
2021,2,28,22,23.07,0,52.62,196.37,3.22
2021,2,28,23,22.15,0,60.81,202.64,3.17
2021,3,1,0,21.32,0,67.81,208.82,2.84
2021,3,1,1,20.75,0,71.38,213.84,2.43
2021,3,1,2,20.48,0,72.75,217.26,2.09
2021,3,1,3,20.37,0,73.44,215.09,1.86
2021,3,1,4,20.25,0,74.06,203.38,1.63
2021,3,1,5,19.95,0,75.19,176.39,1.49
2021,3,1,6,20.07,0,73.44,140.23,1.76
2021,3,1,7,23.08,0,58.5,116.37,2.08
2021,3,1,8,28.33,0,32.75,113.76,2.71
2021,3,1,9,31.83,0,21.88,104.69,3.33
2021,3,1,10,34.12,0,17.12,96.46,3.61
2021,3,1,11,35.76,0,14.44,90.25,3.6
2021,3,1,12,36.69,0,12.88,85.59,3.46
2021,3,1,13,37.12,0,12,81.07,3.17
2021,3,1,14,37.03,0,11.62,74.14,2.8
2021,3,1,15,36.34,0,11.81,64.03,2.34
2021,3,1,16,35.05,0,12.69,49.32,1.76
2021,3,1,17,31.32,0,21.75,340.91,1.29
2021,3,1,18,27.44,0,28.81,291.02,3.07
2021,3,1,19,26.62,0,35.94,280.13,4.31
2021,3,1,20,25.82,0,45.31,275.02,4.56
2021,3,1,21,24.26,0,56.94,271.02,4.4
2021,3,1,22,22.73,0,68.69,267.73,4.14
2021,3,1,23,21.56,0,77.94,264.41,3.77
2021,3,2,0,20.68,0,85.25,262.37,3.29
2021,3,2,1,20.14,0,90,264.09,2.73
2021,3,2,2,19.78,0,92.62,272.11,2.33
2021,3,2,3,19.45,0,93.94,286.26,2.15
2021,3,2,4,19.19,0,93.75,304.1,2.13
2021,3,2,5,18.94,0,93.31,323.58,2.18
2021,3,2,6,19.48,0,88.94,347.02,2.16
2021,3,2,7,22.46,0,73,15.03,1.75
2021,3,2,8,28.3,0,38.31,52.74,1.39
2021,3,2,9,32.09,0,25.31,84.47,2.27
2021,3,2,10,34.34,0,20.75,87.84,2.91
2021,3,2,11,35.72,0,18.75,83.89,3.16
2021,3,2,12,36.57,0,17.56,76.48,3.17
2021,3,2,13,36.94,0,16.88,66.69,3.08
2021,3,2,14,36.71,0,16.62,58.58,3.01
2021,3,2,15,36.03,0,16.81,54.41,2.81
2021,3,2,16,34.83,0,17.75,49.84,2.42
2021,3,2,17,31.82,0,25.62,24.47,1.62
2021,3,2,18,28.6,0,31,324.49,1.64
2021,3,2,19,27.22,0,35,300.09,1.93
2021,3,2,20,26,0,40,284.04,2
2021,3,2,21,25.28,0,44.25,276.34,2.19
2021,3,2,22,24.45,0,49.56,275.41,2.24
2021,3,2,23,23.48,0,55.19,279.63,1.78
2021,3,3,0,22.62,0,59.38,305.33,0.76
2021,3,3,1,21.95,0,60.5,63.77,1.2
2021,3,3,2,20.71,0,61.19,83.87,2.78
2021,3,3,3,19.8,0,58.56,93.42,4.06
2021,3,3,4,19.33,0,53.5,99.42,4.97
2021,3,3,5,18.93,0,49.06,103.02,5.65
2021,3,3,6,19.75,0,43.62,105.52,6.13
2021,3,3,7,23.33,0,34.5,106.8,5.3
2021,3,3,8,28.48,0,26.38,110.79,6.36
2021,3,3,9,32.22,0,21.25,107.24,7.01
2021,3,3,10,34.33,0,18.38,100.45,7.06
2021,3,3,11,35.79,0,16.31,93.11,6.92
2021,3,3,12,36.65,0,14.88,86.63,6.64
2021,3,3,13,36.99,0,13.88,81.69,6.38
2021,3,3,14,36.84,0,13.25,78.03,6.25
2021,3,3,15,36.15,0,12.94,76.7,6.21
2021,3,3,16,34.88,0,13.12,76.8,6.12
2021,3,3,17,31.23,0,17.31,76.19,5.7
2021,3,3,18,27.52,0,22.56,75.6,5.03
2021,3,3,19,26.66,0,23.88,79,4.26
2021,3,3,20,25.92,0,24.69,88.78,3.68
2021,3,3,21,24.92,0,25.94,100.52,3.55
2021,3,3,22,23.54,0,27.75,107.35,3.93
2021,3,3,23,21.93,0,29.62,108.31,4.67
2021,3,4,0,20.48,0,30.81,106.49,5.61
2021,3,4,1,19.51,0,30.81,106.77,6.63
2021,3,4,2,18.91,0,31,110.35,7.48
2021,3,4,3,18.55,0,32.62,114.42,8.13
2021,3,4,4,18.4,0,36.25,117.77,8.45
2021,3,4,5,18.2,0,41.75,120.13,8.37
2021,3,4,6,18.87,0,45.75,121.56,8.11
2021,3,4,7,22.25,0,40.56,122.5,6.79
2021,3,4,8,27.9,0,28.06,124.19,7.95
2021,3,4,9,31.93,0,19.19,118.57,7.87
2021,3,4,10,34.21,0,15.06,107.92,6.91
2021,3,4,11,35.71,0,12.69,95.35,6.11
2021,3,4,12,36.66,0,11.19,84.58,5.63
2021,3,4,13,37.14,0,10.25,76.55,5.34
2021,3,4,14,37.05,0,9.69,71.83,5.36
2021,3,4,15,36.36,0,9.56,68.89,5.44
2021,3,4,16,35.04,0,9.94,67.37,5.4
2021,3,4,17,31.12,0,15.06,65.28,4.76
2021,3,4,18,28.17,0,19.06,59.91,3.69
2021,3,4,19,27.18,0,21.38,54.33,2.69
2021,3,4,20,25.76,0,25.31,57.06,1.82
2021,3,4,21,25.05,0,28.38,80.6,1.15
2021,3,4,22,24.14,0,32.12,127.22,1.02
2021,3,4,23,23.15,0,36,150.92,1.43
2021,3,5,0,22.15,0,39.69,153.11,1.83
2021,3,5,1,21.02,0,42.5,144.55,2.26
2021,3,5,2,19.73,0,44.25,134.89,2.77
2021,3,5,3,18.46,0,44.75,130.25,3.47
2021,3,5,4,17.33,0,45.38,131.62,4.32
2021,3,5,5,16.68,0,46.88,135.31,5.08
2021,3,5,6,17.62,0,45.25,139.21,5.57
2021,3,5,7,21.72,0,35.88,143.4,4.65
2021,3,5,8,27.2,0,25.19,154.39,4.83
2021,3,5,9,31.8,0,17.75,158.12,5.09
2021,3,5,10,34.08,0,14.75,155.41,4.36
2021,3,5,11,35.66,0,12.75,151.36,3.47
2021,3,5,12,36.71,0,11.44,148.38,2.58
2021,3,5,13,37.19,0,10.62,148.81,1.69
2021,3,5,14,37.16,0,10.31,158.47,0.92
2021,3,5,15,36.57,0,10.62,194.7,0.49
2021,3,5,16,35.28,0,11.75,253.19,0.78
2021,3,5,17,31.61,0,17.94,268.63,2.62
2021,3,5,18,28.64,0,25.44,269.53,4.81
2021,3,5,19,27.33,0,35.19,269.4,5.26
2021,3,5,20,24.69,0,49.81,269.03,5.07
2021,3,5,21,22.91,0,64.44,269.29,5.02
2021,3,5,22,21.9,0,76.94,269.72,4.81
2021,3,5,23,21.53,0,84.62,270.42,4.28
2021,3,6,0,21.15,0,90.81,270.87,3.62
2021,3,6,1,20.65,0,96.5,271.76,3.06
2021,3,6,2,20.13,0,99.62,271.85,2.67
2021,3,6,3,19.75,0,100,271.85,2.42
2021,3,6,4,19.36,0,100,272.84,2.21
2021,3,6,5,18.99,0,99.94,274.1,1.97
2021,3,6,6,19.48,0,94.62,275.19,1.64
2021,3,6,7,22.54,0,74.06,277.13,1.32
2021,3,6,8,28.55,0,37.06,272.25,1.39
2021,3,6,9,32.03,0,25.31,249.23,0.97
2021,3,6,10,34.28,0,19.75,237.26,0.91
2021,3,6,11,35.85,0,16.44,246.16,1.1
2021,3,6,12,36.86,0,14.62,257.96,1.57
2021,3,6,13,37.29,0,13.94,265.1,2.2
2021,3,6,14,37.13,0,14.12,272.14,2.92
2021,3,6,15,36.31,0,15.38,276.92,3.76
2021,3,6,16,34.74,0,17.94,278.09,4.77
2021,3,6,17,31.79,0,24.19,275.69,6.38
2021,3,6,18,28.33,0,34.06,273.22,7.93
2021,3,6,19,26.43,0,44.56,274.44,8.17
2021,3,6,20,24.83,0,55.56,278.41,7.05
2021,3,6,21,23.5,0,65,284.93,5.58
2021,3,6,22,22.37,0,72.44,294.62,4.52
2021,3,6,23,21.48,0,77.44,305.87,3.76
2021,3,7,0,20.85,0,79.69,317.97,3.3
2021,3,7,1,20.34,0,80.38,330.2,3.03
2021,3,7,2,19.95,0,79.69,341.62,2.8
2021,3,7,3,19.58,0,78.25,352.96,2.61
2021,3,7,4,19.15,0,76.62,4.61,2.63
2021,3,7,5,18.62,0,75.31,14.15,2.94
2021,3,7,6,19.36,0,68.19,20.46,3.42
2021,3,7,7,22.98,0,51.56,23.26,3.03
2021,3,7,8,28.8,0,29.31,27.49,3.03
2021,3,7,9,32.66,0,20.62,39.46,2.69
2021,3,7,10,34.88,0,17.31,46.39,2.28
2021,3,7,11,36.36,0,15.25,42.93,1.98
2021,3,7,12,37.33,0,13.88,33.95,1.9
2021,3,7,13,37.81,0,12.94,23.41,1.97
2021,3,7,14,37.68,0,12.62,19.96,2.04
2021,3,7,15,37.05,0,12.81,25.24,1.96
2021,3,7,16,35.82,0,13.56,30.8,1.85
2021,3,7,17,32.63,0,19.19,10.62,1.4
2021,3,7,18,29.02,0,23.81,323.2,1.2
2021,3,7,19,27.4,0,27.81,295.77,0.75
2021,3,7,20,26.17,0,31.81,209.48,0.41
2021,3,7,21,25.29,0,34.62,164.59,1.03
2021,3,7,22,24.57,0,36.81,152.64,1.77
2021,3,7,23,23.43,0,39.88,145.96,2.5
2021,3,8,0,22.31,0,43.06,140.86,3.08
2021,3,8,1,21.23,0,46.56,135.36,3.48
2021,3,8,2,20.35,0,49.94,131.37,3.92
2021,3,8,3,19.75,0,52.81,128.5,4.34
2021,3,8,4,19.28,0,54.38,124.01,4.67
2021,3,8,5,18.83,0,54.75,118.63,5.04
2021,3,8,6,19.68,0,49.69,114.42,5.42
2021,3,8,7,23.23,0,37.56,110.82,4.57
2021,3,8,8,28.4,0,24.44,116.26,4.63
2021,3,8,9,32.85,0,16.88,118.7,4.59
2021,3,8,10,35.19,0,14.38,113.84,4.04
2021,3,8,11,36.65,0,13.19,109.55,3.43
2021,3,8,12,37.55,0,12.38,107.34,2.86
2021,3,8,13,37.97,0,11.88,108.13,2.33
2021,3,8,14,37.83,0,11.81,115.78,1.78
2021,3,8,15,37.15,0,12.19,150.41,1.06
2021,3,8,16,35.76,0,13.5,225.66,1.43
2021,3,8,17,32.62,0,18.31,249.83,3.42
2021,3,8,18,29.49,0,24.75,251.57,5.56
2021,3,8,19,27.19,0,33.31,251.8,6.53
2021,3,8,20,25.09,0,43.31,253.18,6.59
2021,3,8,21,23.94,0,51.31,253.96,6.02
2021,3,8,22,22.87,0,57.44,253.89,5.12
2021,3,8,23,21.94,0,60.88,252.1,4.24
2021,3,9,0,21.3,0,62.06,247.99,3.65
2021,3,9,1,20.79,0,63,241.95,3.37
2021,3,9,2,20.33,0,64.19,232.56,3.28
2021,3,9,3,19.91,0,65.5,220.49,3.16
2021,3,9,4,19.51,0,66.81,204.64,3.02
2021,3,9,5,19.22,0,67.31,184.63,3.1
2021,3,9,6,20.05,0,62.62,166.21,3.57
2021,3,9,7,23.98,0,46.56,159.83,3.42
2021,3,9,8,29.01,0,28.69,166.95,3.98
2021,3,9,9,32.51,0,21.19,172.3,4.43
2021,3,9,10,34.8,0,17.62,174.01,4.49
2021,3,9,11,36.3,0,15.62,175.8,4.16
2021,3,9,12,37.24,0,14.38,179.64,3.73
2021,3,9,13,37.65,0,13.69,188.13,3.37
2021,3,9,14,37.43,0,13.69,197.75,3.33
2021,3,9,15,36.59,0,14.5,207.63,3.57
2021,3,9,16,35.02,0,16.56,220.22,4.04
2021,3,9,17,31.98,0,22.25,235.76,4.94
2021,3,9,18,28.96,0,30.19,250.08,5.64
2021,3,9,19,26.72,0,39.19,260.44,5.55
2021,3,9,20,24.86,0,48.88,267.45,5.08
2021,3,9,21,23.62,0,57,271.16,4.26
2021,3,9,22,22.66,0,63.62,272.82,3.33
2021,3,9,23,21.79,0,68.94,273.37,2.26
2021,3,10,0,21.35,0,71.25,273.6,1.12
2021,3,10,1,21.06,0,71.81,270,0.07
2021,3,10,2,20.81,0,71,98.7,0.67
2021,3,10,3,20.47,0,70.31,104.12,1.38
2021,3,10,4,19.82,0,71.19,111.29,2.28
2021,3,10,5,19.12,0,72.06,117.71,3.16
2021,3,10,6,19.96,0,65.69,122.54,3.89
2021,3,10,7,23.59,0,49.69,126.61,3.41
2021,3,10,8,28.83,0,30.75,144.37,2.82
2021,3,10,9,32.24,0,21.38,150.77,3.01
2021,3,10,10,34.4,0,16.75,151.38,3.02
2021,3,10,11,35.89,0,14.19,152.05,2.75
2021,3,10,12,36.86,0,12.69,154.28,2.38
2021,3,10,13,37.33,0,11.81,161.21,2.01
2021,3,10,14,37.32,0,11.44,174.5,1.71
2021,3,10,15,36.7,0,11.69,194.31,1.58
2021,3,10,16,35.4,0,13,221.74,1.75
2021,3,10,17,32.44,0,17.81,252.82,3.04
2021,3,10,18,29.54,0,24.94,265.58,4.97
2021,3,10,19,27.76,0,32.81,271.02,5.28
2021,3,10,20,25.39,0,42.88,276.09,5.23
2021,3,10,21,23.85,0,51.56,280.3,4.89
2021,3,10,22,22.82,0,58,283.96,4.24
2021,3,10,23,21.84,0,63,291.24,3.43
2021,3,11,0,21.13,0,65.75,305.05,2.65
2021,3,11,1,20.75,0,65.56,325.09,2.14
2021,3,11,2,20.65,0,63.44,341.57,1.93
2021,3,11,3,20.7,0,60.88,352.84,1.69
2021,3,11,4,20.82,0,58.62,9.25,1.36
2021,3,11,5,20.67,0,58.06,44.7,1.07
2021,3,11,6,20.88,0,56.88,95.01,1.34
2021,3,11,7,23.94,0,46.81,123.01,1.84
2021,3,11,8,29.15,0,29,157.59,2.32
2021,3,11,9,32.56,0,20.62,162.85,3.21
2021,3,11,10,34.62,0,16.81,160.61,3.55
2021,3,11,11,36.02,0,14.44,160.3,3.36
2021,3,11,12,36.9,0,13.06,164.54,2.81
2021,3,11,13,37.28,0,12.25,177.09,2.15
2021,3,11,14,37.14,0,12.12,199.8,1.66
2021,3,11,15,36.4,0,12.88,227.52,1.63
2021,3,11,16,35.01,0,14.62,249.23,2.18
2021,3,11,17,32.32,0,19.75,261.96,3.63
2021,3,11,18,29.4,0,27.44,266.92,5.09
2021,3,11,19,27.21,0,36.56,270.4,5.6
2021,3,11,20,25.03,0,47.5,274.6,5.65
2021,3,11,21,23.61,0,57.31,277.6,5.26
2021,3,11,22,22.69,0,65.06,278.17,4.4
2021,3,11,23,21.79,0,71.81,280.73,3.48
2021,3,12,0,20.98,0,77.19,288.23,2.75
2021,3,12,1,20.41,0,80.12,302.01,2.28
2021,3,12,2,20.01,0,81.06,318,2.11
2021,3,12,3,19.65,0,81.12,333.43,2.01
2021,3,12,4,19.33,0,81,352.63,2.01
2021,3,12,5,19.05,0,80.62,16.21,2.1
2021,3,12,6,19.81,0,74.75,40.48,2.31
2021,3,12,7,23.33,0,57,62.39,2.11
2021,3,12,8,29.04,0,30.25,110.46,3.29
2021,3,12,9,32.27,0,21.62,120.77,3.91
2021,3,12,10,34.51,0,17.81,123.99,4.08
2021,3,12,11,36.04,0,15.75,125.66,3.85
2021,3,12,12,36.99,0,14.56,128.68,3.31
2021,3,12,13,37.42,0,14,136.06,2.69
2021,3,12,14,37.33,0,14.06,146.75,2.28
2021,3,12,15,36.73,0,14.5,156.04,2.08
2021,3,12,16,35.58,0,15.56,163.89,1.89
2021,3,12,17,32.87,0,19.31,191.5,1.88
2021,3,12,18,29.19,0,26.19,225.22,2.83
2021,3,12,19,27.98,0,31.5,232.52,3.5
2021,3,12,20,26.45,0,38.5,231.95,3.65
2021,3,12,21,25.05,0,45.88,233.41,3.55
2021,3,12,22,23.8,0,53.19,233,3.41
2021,3,12,23,22.75,0,60.12,232.17,3.27
2021,3,13,0,21.86,0,66.25,229.06,2.97
2021,3,13,1,21.19,0,70.75,217.19,2.48
2021,3,13,2,20.77,0,73,198.71,2.1
2021,3,13,3,20.38,0,73.94,178.65,1.99
2021,3,13,4,19.95,0,73.94,163.05,2.2
2021,3,13,5,19.44,0,73.25,150.86,2.65
2021,3,13,6,20.3,0,65.12,141.3,3.32
2021,3,13,7,24.08,0,46.06,136.83,2.93
2021,3,13,8,29.19,0,27.31,133.87,2.51
2021,3,13,9,32.36,0,20,128.06,2.7
2021,3,13,10,34.62,0,15.81,120.72,2.84
2021,3,13,11,36.27,0,13.44,110.04,2.83
2021,3,13,12,37.3,0,12.12,98.38,2.84
2021,3,13,13,37.79,0,11.44,89.07,2.9
2021,3,13,14,37.65,0,11.12,84.46,2.91
2021,3,13,15,37.01,0,11.25,83.82,2.83
2021,3,13,16,35.75,0,11.94,84.37,2.71
2021,3,13,17,33.27,0,15.62,84.57,2.23
2021,3,13,18,29.89,0,19.94,82.61,1.46
2021,3,13,19,28.08,0,23.31,91.25,1.08
2021,3,13,20,26.65,0,26.88,117.28,1.13
2021,3,13,21,25.44,0,30.06,140.39,1.47
2021,3,13,22,24.36,0,32.81,157.04,1.94
2021,3,13,23,23.3,0,35.31,166.44,2.5
2021,3,14,0,22.23,0,37.81,170.22,2.99
2021,3,14,1,21.25,0,39.88,169.23,3.39
2021,3,14,2,20.31,0,41.38,166.64,3.72
2021,3,14,3,19.46,0,41.88,162.23,4.02
2021,3,14,4,18.71,0,40.56,156.12,4.4
2021,3,14,5,18.08,0,37.44,150.62,4.9
2021,3,14,6,19.26,0,29.88,147.02,5.41
2021,3,14,7,23.29,0,20.5,146.78,4.46
2021,3,14,8,28.78,0,16.12,155.83,4.52
2021,3,14,9,32.78,0,12.81,153.03,4.48
2021,3,14,10,34.9,0,11.81,146.91,3.91
2021,3,14,11,36.42,0,11.44,141.11,3.32
2021,3,14,12,37.42,0,11.12,138.35,2.83
2021,3,14,13,37.94,0,10.88,139,2.45
2021,3,14,14,37.91,0,10.94,137.02,2.19
2021,3,14,15,37.31,0,11.31,131.82,1.99
2021,3,14,16,36.09,0,12.19,127.79,1.85
2021,3,14,17,33.06,0,16.25,144.69,1.15
2021,3,14,18,28.76,0,22.38,227.26,0.98
2021,3,14,19,27.26,0,27.44,239.55,1.19
2021,3,14,20,25.82,0,33.56,210.26,1.3
2021,3,14,21,24.56,0,38.81,188.1,1.94
2021,3,14,22,23.55,0,42.94,182.68,2.51
2021,3,14,23,22.78,0,45.88,180.65,2.75
2021,3,15,0,22.24,0,47.56,175.63,2.87
2021,3,15,1,21.55,0,48.81,166.63,3.28
2021,3,15,2,20.6,0,49.69,160.83,3.83
2021,3,15,3,19.72,0,49.38,158.12,4.4
2021,3,15,4,19.03,0,47.5,156.78,4.97
2021,3,15,5,18.47,0,44.69,156.36,5.48
2021,3,15,6,19.58,0,37.94,156.02,5.73
2021,3,15,7,23.35,0,28.56,156,4.76
2021,3,15,8,28.9,0,21.5,159.59,5.02
2021,3,15,9,32.98,0,15.88,157,4.94
2021,3,15,10,35.33,0,13.38,153.87,4.17
2021,3,15,11,36.81,0,12.44,152.94,3.25
2021,3,15,12,37.7,0,11.94,156.76,2.53
2021,3,15,13,38.15,0,11.62,168.43,2.03
2021,3,15,14,38.08,0,11.75,183.53,1.65
2021,3,15,15,37.4,0,12.44,205.27,1.39
2021,3,15,16,36.05,0,14,234.69,1.61
2021,3,15,17,33.28,0,18.19,255.85,2.94
2021,3,15,18,30.29,0,25,261.49,4.7
2021,3,15,19,28.55,0,32.31,263.64,5.15
2021,3,15,20,26.3,0,42.06,265.6,5.3
2021,3,15,21,24.67,0,51.31,265.35,5.2
2021,3,15,22,23.73,0,58.25,265.3,4.86
2021,3,15,23,22.82,0,64.38,265.46,4.15
2021,3,16,0,22.17,0,68.62,261.59,3.15
2021,3,16,1,21.87,0,69.31,255.63,2.3
2021,3,16,2,21.57,0,68.81,254.19,1.78
2021,3,16,3,21.33,0,67.88,258.08,1.44
2021,3,16,4,21.37,0,66.06,263.88,1.1
2021,3,16,5,21.22,0,65.25,270.64,0.7
2021,3,16,6,21.75,0,62.12,252.65,0.13
2021,3,16,7,24.8,0,48.44,0,0.17
2021,3,16,8,30.25,0,27.75,45,0.35
2021,3,16,9,33.24,0,21.44,125.58,1.38
2021,3,16,10,35.3,0,18.06,136.36,1.87
2021,3,16,11,36.71,0,16.12,143.83,1.65
2021,3,16,12,37.66,0,14.81,160.49,1.05
2021,3,16,13,38.19,0,14,218.77,0.66
2021,3,16,14,38.05,0,13.81,259.05,0.99
2021,3,16,15,37.36,0,14.31,265.89,1.42
2021,3,16,16,35.97,0,15.62,265.83,1.93
2021,3,16,17,33.55,0,19.06,264.13,3.13
2021,3,16,18,30.73,0,24.88,262.36,4.41
2021,3,16,19,28.88,0,31.12,264.92,4.76
2021,3,16,20,26.89,0,38.94,269.62,4.7
2021,3,16,21,25.15,0,47,274.01,4.46
2021,3,16,22,23.96,0,53.62,280.04,4.08
2021,3,16,23,22.98,0,58.69,289.28,3.67
2021,3,17,0,22.18,0,62,302.56,3.18
2021,3,17,1,21.58,0,63.56,318.61,2.72
2021,3,17,2,21.18,0,63.56,332.94,2.44
2021,3,17,3,21,0,62.25,345.31,2.16
2021,3,17,4,21.01,0,60.25,1.99,1.8
2021,3,17,5,20.99,0,58.69,27.6,1.55
2021,3,17,6,21.66,0,55.25,59.13,1.58
2021,3,17,7,24.72,0,44.69,87.58,1.48
2021,3,17,8,30.02,0,26.88,134.53,1.35
2021,3,17,9,33.13,0,20.69,146.09,2.21
2021,3,17,10,35.19,0,17.56,143.59,2.74
2021,3,17,11,36.57,0,15.75,140.17,2.76
2021,3,17,12,37.48,0,14.56,139.64,2.39
2021,3,17,13,37.9,0,13.94,145.78,1.89
2021,3,17,14,37.66,0,13.88,158.46,1.6
2021,3,17,15,36.93,0,14.31,177.33,1.51
2021,3,17,16,35.67,0,15.44,204.02,1.73
2021,3,17,17,33.37,0,18.62,233.58,2.82
2021,3,17,18,30.69,0,23.88,244.92,4.46
2021,3,17,19,29.2,0,29.56,249.25,5.14
2021,3,17,20,27.34,0,37.38,254.82,5.52
2021,3,17,21,26.04,0,44.88,260.79,5.61
2021,3,17,22,25.13,0,51,266.63,5.19
2021,3,17,23,24.2,0,55.88,273.63,4.44
2021,3,18,0,23.42,0,58.88,279.83,3.62
2021,3,18,1,23.03,0,59.31,282.26,2.87
2021,3,18,2,22.81,0,58.44,280.91,2.6
2021,3,18,3,22.51,0,57.88,277.85,2.69
2021,3,18,4,22.22,0,57.94,274.06,2.65
2021,3,18,5,21.98,0,58.62,267.41,2.42
2021,3,18,6,22.65,0,56.56,256.71,2.04
2021,3,18,7,24.99,0,46.56,247.93,1.83
2021,3,18,8,28.84,0,30.56,254.97,2.08
2021,3,18,9,31.77,0,24.62,250.88,2.08
2021,3,18,10,33.81,0,21.88,243.89,2.22
2021,3,18,11,35.28,0,20.06,241.47,2.55
2021,3,18,12,36.28,0,18.94,242.38,3.05
2021,3,18,13,36.81,0,18.44,244.26,3.65
2021,3,18,14,36.51,0,18.88,248.38,4.18
2021,3,18,15,35.62,0,20.25,253.52,4.79
2021,3,18,16,33.89,0,23.25,260.36,5.74
2021,3,18,17,31.95,0,27.56,267.21,6.91
2021,3,18,18,29.94,0,33.75,272.26,7.52
2021,3,18,19,28.39,0,40.62,277.06,7.57
2021,3,18,20,27.05,0,47.19,281.56,6.67
2021,3,18,21,26.08,0,51.88,285.98,5.7
2021,3,18,22,25.48,0,54.31,290.94,4.74
2021,3,18,23,25.12,0,55.31,296.61,4.17
2021,3,19,0,24.8,0,56.38,300.76,3.73
2021,3,19,1,24.5,0,57.75,304.81,3.44
2021,3,19,2,24.23,0,58.62,311.35,3.3
2021,3,19,3,23.94,0,58.94,319.95,3.33
2021,3,19,4,23.6,0,59.12,328.78,3.53
2021,3,19,5,23.12,0,60.12,335.73,3.67
2021,3,19,6,23.49,0,58.12,340.72,3.5
2021,3,19,7,25.84,0,45.12,347.91,3.8
2021,3,19,8,29.62,0,29.38,2.95,4.87
2021,3,19,9,32.67,0,23.69,13.24,4.23
2021,3,19,10,34.36,0,21.62,19.42,3.31
2021,3,19,11,35.76,0,19.94,22.79,2.7
2021,3,19,12,36.4,0,19,21.25,2.26
2021,3,19,13,36.69,0,18.31,14.15,1.95
2021,3,19,14,37.12,0,17.5,1.73,1.81
2021,3,19,15,36.48,0,17.69,342.54,1.74
2021,3,19,16,35.26,0,18.69,322.05,2.07
2021,3,19,17,33.39,0,21.25,304.46,3.05
2021,3,19,18,31.17,0,25.25,293.5,4.31
2021,3,19,19,30.12,0,28.56,292.66,4.77
2021,3,19,20,28.98,0,31.94,297.89,4.69
2021,3,19,21,28.03,0,34.25,308.55,4.28
2021,3,19,22,27.34,0,35.12,325.73,4.04
2021,3,19,23,26.8,0,35.19,342.05,4.11
2021,3,20,0,26.28,0,34.81,353.6,4.42
2021,3,20,1,25.79,0,34.25,0.58,4.61
2021,3,20,2,25.23,0,34.25,7.74,4.58
2021,3,20,3,24.72,0,34.69,16.87,4.44
2021,3,20,4,24.23,0,35.31,27.45,4.29
2021,3,20,5,23.76,0,36.19,38.8,4.09
2021,3,20,6,24.25,0,35.44,50.36,3.72
2021,3,20,7,26.76,0,30.88,62.17,3.16
2021,3,20,8,30.09,0,25.81,74.2,2.9
2021,3,20,9,33.04,0,22,86.73,2.19
2021,3,20,10,35.2,0,19.38,98.92,1.36
2021,3,20,11,36.63,0,17.81,123.69,0.54
2021,3,20,12,37.41,0,17,255.53,0.5
2021,3,20,13,37.26,0,17.06,284.24,1.62
2021,3,20,14,36.94,0,17.38,290.57,2.91
2021,3,20,15,36.23,0,18.31,289.36,4.12
2021,3,20,16,34.61,0,20.56,285.29,5.04
2021,3,20,17,32.87,0,23.5,277.81,5.87
2021,3,20,18,30.97,0,27.81,268.3,6.58
2021,3,20,19,29.44,0,33,264.25,6.63
2021,3,20,20,27.9,0,39.25,265.93,6.27
2021,3,20,21,26.62,0,44.88,266,5.6
2021,3,20,22,25.65,0,49.31,264.44,4.92
2021,3,20,23,24.94,0,53.25,261.29,4.39
2021,3,21,0,24.43,0,56.25,260.24,3.96
2021,3,21,1,24.06,0,58.25,262.12,3.48
2021,3,21,2,23.68,0,60.31,263.46,2.95
2021,3,21,3,23.24,0,62.94,261.42,2.41
2021,3,21,4,22.73,0,65.44,248.83,1.97
2021,3,21,5,22.02,0,68.88,228.72,1.79
2021,3,21,6,22.45,0,67.56,209.78,1.75
2021,3,21,7,25.8,0,46.88,204.89,1.08
2021,3,21,8,30.1,0,30.06,175.44,1.08
2021,3,21,9,32.97,0,24.38,186.1,1.47
2021,3,21,10,34.98,0,21.75,195.69,1.91
2021,3,21,11,36.44,0,20.12,204.43,2.25
2021,3,21,12,37.24,0,19.19,216.87,2.5
2021,3,21,13,37.65,0.01,18.62,229.87,2.86
2021,3,21,14,37.11,0,19.06,240.55,3.34
2021,3,21,15,35.94,0.02,20.69,249.43,4.05
2021,3,21,16,33.85,0.04,24.56,257.29,5.08
2021,3,21,17,31.76,0.06,29.88,262.68,6.14
2021,3,21,18,29.82,0.06,36.19,267.12,6.84
2021,3,21,19,28.34,0.04,41.94,272.88,6.68
2021,3,21,20,27.03,0.04,47.25,279.97,5.82
2021,3,21,21,25.99,0.05,51.19,290,4.98
2021,3,21,22,25.26,0.04,53.56,301.42,4.33
2021,3,21,23,24.82,0.02,54.06,314.67,3.86
2021,3,22,0,24.52,0.01,53.31,332.15,3.58
2021,3,22,1,23.9,0.01,52.5,352.41,3.66
2021,3,22,2,23.4,0.01,50.25,7.19,4.06
2021,3,22,3,23.05,0,47.56,19.02,4.34
2021,3,22,4,22.61,0,45.94,32.94,4.63
2021,3,22,5,21.99,0,46.38,46.63,5.05
2021,3,22,6,23.05,0,43.19,56.69,5.29
2021,3,22,7,26.59,0,35.75,69.85,4.72
2021,3,22,8,30.35,0,29.19,100.06,4.21
2021,3,22,9,33.12,0,23.75,124.01,4.32
2021,3,22,10,35.29,0,20,135.07,4.3
2021,3,22,11,36.85,0,17.75,141.96,3.92
2021,3,22,12,37.8,0,16.38,149.26,3.36
2021,3,22,13,38.23,0,15.62,160.3,2.8
2021,3,22,14,38.16,0,15.31,178.45,2.31
2021,3,22,15,37.25,0.01,16.06,209.37,2.21
2021,3,22,16,35.71,0.01,18.25,236.84,2.8
2021,3,22,17,33.61,0,22.69,254.67,4.2
2021,3,22,18,31.23,0.01,29.19,263.84,5.82
2021,3,22,19,29.26,0,36.56,269.93,6.66
2021,3,22,20,27.76,0,43.19,275.33,6.72
2021,3,22,21,26.6,0,47.81,278.56,5.82
2021,3,22,22,25.7,0,51.75,282.78,4.59
2021,3,22,23,24.93,0,54.81,292.12,3.69
2021,3,23,0,24.44,0.01,56.12,305.54,3.02
2021,3,23,1,24.3,0.01,56.25,321.31,2.46
2021,3,23,2,24.13,0.01,56.81,343.78,1.79
2021,3,23,3,24.09,0.01,57.38,34.38,1.26
2021,3,23,4,23.94,0,58.12,85.02,1.89
2021,3,23,5,23.6,0,59,101.31,2.99
2021,3,23,6,24.21,0,55.56,107.9,3.97
2021,3,23,7,27.14,0,42.44,118.1,4.94
2021,3,23,8,30.81,0,28.94,125.67,6.65
2021,3,23,9,33.64,0,21.44,126.43,7.34
2021,3,23,10,35.88,0,17.56,124.5,7.21
2021,3,23,11,37.37,0,15.88,122.96,6.68
2021,3,23,12,38.31,0,15,123.42,6
2021,3,23,13,38.76,0,14.44,126.95,5.33
2021,3,23,14,38.32,0,14.5,131.38,4.81
2021,3,23,15,37.55,0,15,137.5,4.31
2021,3,23,16,36.39,0,16.06,146.04,3.75
2021,3,23,17,34.15,0,19.06,166.38,2.85
2021,3,23,18,30.96,0,24.94,206.19,2.64
2021,3,23,19,29.78,0,29.75,222.35,2.99
2021,3,23,20,28.6,0,35.19,223.52,3.21
2021,3,23,21,27.33,0,41,220.25,3.07
2021,3,23,22,26.07,0,46.81,213.92,2.76
2021,3,23,23,24.8,0,52.56,204.58,2.42
2021,3,24,0,23.88,0,56.81,185.6,2.08
2021,3,24,1,23.24,0,59,156.61,2.2
2021,3,24,2,22.38,0,60.25,135.1,3.14
2021,3,24,3,21.63,0,58.69,126.87,4.69
2021,3,24,4,21.29,0,53.12,124.1,6.08
2021,3,24,5,21.08,0,47,121.42,6.89
2021,3,24,6,22.44,0,39.75,117.72,6.94
2021,3,24,7,26.08,0,33,113.82,6.79
2021,3,24,8,30.57,0,26.31,112.95,8.92
2021,3,24,9,33.51,0,21.44,109.13,8.72
2021,3,24,10,35.77,0,18.44,106.62,7.73
2021,3,24,11,37.45,0,16.69,104.2,6.46
2021,3,24,12,38.44,0,15.88,101.16,5.21
2021,3,24,13,38.83,0,15.69,96.46,4.1
2021,3,24,14,38.49,0,16.06,91.1,3.24
2021,3,24,15,37.56,0.01,16.94,88.38,2.49
2021,3,24,16,36.08,0.05,18.81,92.79,1.77
2021,3,24,17,34.08,0.08,23.31,124.29,0.83
2021,3,24,18,31.84,0.19,29.94,218.73,1.06
2021,3,24,19,30.87,0.14,34.62,235.12,2.2
2021,3,24,20,29.98,0.04,39,237.81,2.89
2021,3,24,21,29.08,0.01,43.19,241.92,3.17
2021,3,24,22,28.19,0.01,47.44,249.89,3.14
2021,3,24,23,27.33,0,51.75,259.33,3
2021,3,25,0,26.63,0,54.94,269.84,2.81
2021,3,25,1,26.07,0,57.31,282.74,2.59
2021,3,25,2,25.5,0,59.25,305.58,2.3
2021,3,25,3,25.01,0,60.25,344.22,2.3
2021,3,25,4,24.63,0.01,59.31,20.38,3.05
2021,3,25,5,24.3,0.01,56.44,42.78,4.14
2021,3,25,6,25.12,0,49.06,58.2,4.94
2021,3,25,7,27.74,0.03,37.12,71.2,4.7
2021,3,25,8,31.17,0,26.62,82.79,5.17
2021,3,25,9,33.63,0,22,90.84,5.34
2021,3,25,10,35.15,0,19.94,98.09,5.27
2021,3,25,11,35.98,0,18.94,103.47,5
2021,3,25,12,36.37,0,18.5,107.02,4.59
2021,3,25,13,36.4,0,18.44,108.61,4.04
2021,3,25,14,36.1,0,18.62,105.52,3.45
2021,3,25,15,35.48,0,19.12,100.42,2.85
2021,3,25,16,34.62,0,20.06,97.79,1.85
2021,3,25,17,32.68,0,24,233.37,0.38
2021,3,25,18,30.87,0,27.75,267.58,2.41
2021,3,25,19,30.26,0,31.44,272.27,3.16
2021,3,25,20,29.4,0,35.81,273.48,2.7
2021,3,25,21,28.6,0,39.69,273.74,2.04
2021,3,25,22,27.9,0,42.69,278.09,1.44
2021,3,25,23,27.27,0,44.94,288.26,0.8
2021,3,26,0,26.81,0,46.06,20.38,0.29
2021,3,26,1,26.61,0,45.75,75.07,1.21
2021,3,26,2,26.17,0,45.44,77.67,2.42
2021,3,26,3,25.83,0,44.25,78.32,3.78
2021,3,26,4,25.7,0,42.25,80.84,5.15
2021,3,26,5,25.23,0,41.31,84.37,6.29
2021,3,26,6,25.64,0,38.62,87.37,6.8
2021,3,26,7,28.23,0,32,90,6.77
2021,3,26,8,31.89,0,25.56,92.99,7.63
2021,3,26,9,34.55,0,22.31,90.45,6.97
2021,3,26,10,36.48,0,20.31,84.6,5.98
2021,3,26,11,37.83,0,18.81,77.57,5.15
2021,3,26,12,38.62,0,17.75,70.88,4.53
2021,3,26,13,38.98,0,16.88,65.97,4.11
2021,3,26,14,38.88,0,16.25,62.73,3.7
2021,3,26,15,38.3,0,16,62.86,3.15
2021,3,26,16,37.17,0,16.56,64.89,2.34
2021,3,26,17,35.15,0,19.5,67.13,1.09
2021,3,26,18,32.01,0,24.31,237.48,0.64
2021,3,26,19,30.6,0,27.88,231.8,1.82
2021,3,26,20,29.44,0,32.5,228.44,2.39
2021,3,26,21,28.26,0,37.75,227.5,2.53
2021,3,26,22,27.09,0,43.12,226.74,2.36
2021,3,26,23,26.19,0,47.75,222.02,1.91
2021,3,27,0,25.83,0,50.12,204.78,1.23
2021,3,27,1,25.73,0,50.5,139.18,0.91
2021,3,27,2,25.07,0,51.19,100.93,1.85
2021,3,27,3,24.1,0,51.75,93.32,3.11
2021,3,27,4,23.67,0,49.5,93.38,4.51
2021,3,27,5,23.55,0,45.81,96.59,5.79
2021,3,27,6,24.8,0,39.38,100.12,6.4
2021,3,27,7,27.94,0,31.5,105.76,5.78
2021,3,27,8,32.12,0,24.75,113.18,6.15
2021,3,27,9,35.19,0,20.81,114.3,5.75
2021,3,27,10,37.29,0,18.25,112.24,5.1
2021,3,27,11,38.66,0,16.75,109.78,4.41
2021,3,27,12,39.53,0,15.69,107.59,3.67
2021,3,27,13,39.91,0,15.06,105.48,2.93
2021,3,27,14,39.84,0,14.75,103.03,2.15
2021,3,27,15,39.16,0,15.12,101.16,1.21
2021,3,27,16,37.9,0,16.5,272.86,0.16
2021,3,27,17,35.56,0,20.25,274.92,2.19
2021,3,27,18,32.83,0,26.81,270.65,4.14
2021,3,27,19,31.15,0,33.5,270.88,5.08
2021,3,27,20,29.22,0,41.75,271.5,5.36
2021,3,27,21,27.72,0,48.94,269.38,5.05
2021,3,27,22,26.92,0,52.94,265.99,4.35
2021,3,27,23,26.37,0,56.19,261.67,3.45
2021,3,28,0,25.96,0,58,260.93,2.63
2021,3,28,1,25.65,0,58.62,266.31,1.94
2021,3,28,2,25.27,0,59.25,272.93,1.68
2021,3,28,3,24.81,0,60.62,279,1.6
2021,3,28,4,24.43,0,62.12,287.08,1.36
2021,3,28,5,23.92,0,64.25,296.97,1
2021,3,28,6,24.3,0,62.25,309.24,0.61
2021,3,28,7,27.68,0,43.44,0.44,1.01
2021,3,28,8,31.82,0,27.19,36.71,2.22
2021,3,28,9,34.79,0,19.94,50.08,3.06
2021,3,28,10,36.99,0,15.88,54.93,3.43
2021,3,28,11,38.51,0,13.44,53.41,3.55
2021,3,28,12,39.48,0,11.81,47.3,3.58
2021,3,28,13,39.91,0,10.62,40.36,3.62
2021,3,28,14,39.78,0,9.88,36.11,3.43
2021,3,28,15,39.1,0,9.69,33.21,3.08
2021,3,28,16,37.8,0,10.31,24.36,2.54
2021,3,28,17,34.95,0,13.25,339.69,2.12
2021,3,28,18,30.73,0,19.81,293.66,3.58
2021,3,28,19,29.53,0,26.81,276.21,4.84
2021,3,28,20,27.77,0,37.31,269.83,5.42
2021,3,28,21,25.76,0,50.88,267.47,5.48
2021,3,28,22,24.55,0,63.81,266.09,5.16
2021,3,28,23,23.61,0,75.06,264.84,4.6
2021,3,29,0,23.03,0,81.56,264.82,3.98
2021,3,29,1,22.2,0,87.31,269.05,3.31
2021,3,29,2,21.74,0,91.38,280.21,2.56
2021,3,29,3,21.3,0,92.94,305.86,1.77
2021,3,29,4,20.74,0,93.31,354.5,1.71
2021,3,29,5,19.98,0,92.06,26.03,2.6
2021,3,29,6,21.11,0,77.44,39.94,3.38
2021,3,29,7,24.83,0,51.75,48.45,3.39
2021,3,29,8,31.26,0,20.62,58.69,4.65
2021,3,29,9,35.26,0,12,67.34,5.33
2021,3,29,10,37.65,0,9.31,69.17,5.38
2021,3,29,11,39.16,0,8.31,65.51,5.11
2021,3,29,12,40.08,0,7.75,58.69,4.81
2021,3,29,13,40.52,0,7.44,50.88,4.58
2021,3,29,14,40.37,0,7.38,45.15,4.36
2021,3,29,15,39.69,0,7.62,38.84,3.86
2021,3,29,16,38.37,0,8.44,27.42,3.04
2021,3,29,17,35.16,0,11.81,337.68,2.26
2021,3,29,18,30.84,0,19.25,284.64,4.14
2021,3,29,19,29.75,0,28.94,267.86,5.85
2021,3,29,20,26.9,0,44.88,263,6.73
2021,3,29,21,25.31,0,60.56,261.92,6.89
2021,3,29,22,24.37,0,73.12,261.78,6.39
2021,3,29,23,23.52,0,82.62,262.45,5.71
2021,3,30,0,23.05,0,87.25,263.17,5.19
2021,3,30,1,22.55,0,89.31,262.78,4.91
2021,3,30,2,21.94,0,93.12,261.71,4.82
2021,3,30,3,21.72,0,94.5,259.7,4.63
2021,3,30,4,21.58,0,94.81,257.03,4.28
2021,3,30,5,21.4,0,95.12,254.93,3.88
2021,3,30,6,21.87,0,90.62,254.73,3.35
2021,3,30,7,24.45,0,69.19,263.58,3
2021,3,30,8,28.43,0,44.56,285.14,2.96
2021,3,30,9,32.56,0,27.88,310.16,3.21
2021,3,30,10,35.32,0,21.56,318.35,3.21
2021,3,30,11,37.26,0,18.06,321.97,3.09
2021,3,30,12,38.55,0,16.12,322.99,3.14
2021,3,30,13,39.18,0,15.12,323.05,3.35
2021,3,30,14,39.17,0,14.69,323.47,3.71
2021,3,30,15,38.62,0,14.69,321.11,4.26
2021,3,30,16,37.44,0,15.25,316.17,4.86
2021,3,30,17,35.12,0,17.56,304.46,5.83
2021,3,30,18,31.49,0,23.44,291.78,6.95
2021,3,30,19,29.08,0,30.62,285.88,7.11
2021,3,30,20,27.1,0,39,283.38,6.75
2021,3,30,21,25.59,0,47,283.25,5.66
2021,3,30,22,24.29,0,53.88,285.09,4.44
2021,3,30,23,23.24,0,58.88,286.56,3.48
2021,3,31,0,22.56,0,61.38,287.62,2.94
2021,3,31,1,21.87,0,62.81,293.73,3.18
2021,3,31,2,21.19,0,63.31,305.23,4.1
2021,3,31,3,20.59,0,64.69,310.03,4.65
2021,3,31,4,20.03,0,65.56,315.19,4.93
2021,3,31,5,19.53,0,65.06,321.57,5.07
2021,3,31,6,21.24,0,54.75,327.94,4.89
2021,3,31,7,25.2,0,38.44,332.09,4.16
2021,3,31,8,31.4,0,15.44,329.07,4.91
2021,3,31,9,34.91,0,9.75,318.18,4.48
2021,3,31,10,37.14,0,8.38,302.59,4.06
2021,3,31,11,38.7,0,8,289.99,4.27
2021,3,31,12,39.6,0,7.62,283.79,4.95
2021,3,31,13,39.88,0,7.44,281.34,5.76
2021,3,31,14,39.37,0,7.75,281.68,6.49
2021,3,31,15,38.18,0,8.62,282.78,7.03
2021,3,31,16,36.35,0,10.06,283.43,7.57
2021,3,31,17,33.69,0,12.75,281.47,8.21
2021,3,31,18,29.93,0,18.88,276.25,8.76
2021,3,31,19,27.7,0,26.94,275.59,8.34
2021,3,31,20,25.8,0,36.62,278.67,7.62
2021,3,31,21,24.29,0,46.38,283.98,7.12
2021,3,31,22,23.01,0,55.88,289.33,6.8
2021,3,31,23,21.9,0,65.12,293.33,6.49
2021,4,1,0,20.93,0,74.12,296.3,6.14
2021,4,1,1,20.19,0,81.94,298.78,5.78
2021,4,1,2,19.56,0,88.31,301.99,5.32
2021,4,1,3,18.89,0,93.56,305.68,4.81
2021,4,1,4,18.32,0,97.19,310.29,4.3
